Date;ABB LTD ;ACCU HOLDING AG ;ACHIKO AG ;ACINO INTERNAT ;ACTELION AG ;ADDEX THERAPEUTICS ;ADECCO GROUP ;ADVAL TECH HOLDING A ;ADVANCED DIGITAL ;AEVIS VICTORIA ;AIRESIS SA ;ALCON AG ;ALLREAL HOLDING AG ;ALSO HOLDING AG ;ALUFLEXPA ;AMS OSRAM ;APG SGA SA ;APTG AG ;ARBONIA AG ;ARYZTA AG ;ASCOM HOLDING AG ;AUTONEUM HOLD ;BACHEM HOLDING ;BALOISE HOLDING AG ;BANK CA ST. GALLEN ;BANK CLER AG ;BANK LINTH LLB AG ;BANQUE CANT VAUDOISE ;BANQUE CANTON GENEVE ;BANQUE CANTONALE ;BARRY CALLEBAUT ;BASELLAND KANTONALBK ;BASILEA PHARMACEUTIC ;BASLER KANTONALBANK ;BELIMO HOLDINGS AG ;BELL FOOD GROUP AG ;BELLEVUE GROUP AG ;BERNER KANTO ;BFW LIEGENSCHAFTEN ;BIOXELL S.P.A. ;BOBST GROUP SA ;BONDPARTNERS SA ;BOSSARD HOLDING AG ;BUCHER INDUSTRIES AG ;BURCKHARDT COMP ;BURKHALTER ;BVZ HOLDING AG ;BYSTRONIC ;CALIDA HOLDING AG ;CARLO GAVAZZI AG ;CASSIOPEA ;CEMBRA MONEY BANK AG ;CHAM GROUP AG ;CHARLES VOG ;CHOCO LINDT & SPRUEN ;CI COM SA ;CIBA HOLDING AG ;CICOR TECHNOLOGIES ;CLARIANT AG ;COLTENE HOLDING ;COMET HOLDING AG ;COMPAGNIE FINAN ;COSMO PHARMA ;CPH CHEMIE & PAPIER ;CREALOGIX HOLDING ;CREDIT SUISSE GROUP ;DAETWYLER HOLDING AG ;DATACOLOR AG ;DKSH HOLDING AG ;DORMAKABA HOLDING ;DOTTIKON ES HOLDING ;DUFRY AG ;EDIPRESSE SA ;EDISUN POWER ;EDMOND DE ROTHSCHILD ;EFG INTERNATIONAL ;ELMA ELECTRONIC AG ;EMMI AG ;EMS;ENERGIEDIENST HLDG ;EVOLVA HOLDING ;FEINTOOL INT HOLDING ;FLUGHAFEN ZURICH AG ;FORBO HOLDING AG ;FUNDAMENTA REAL ;GALENICA AG ;GAM HOLDING AG ;GATEGROUP HOLDING AG ;GEBERIT AG ;GEORG FISCHER AG ;GIVAUDAN SA ;GLARNER KANT ;GLOBAL NATURAL RES ;GOLAY BUCHEL HOLDING ;GOLDBACH GROUP AG ;GRAUBUENDNER KBK ;GROUPE MINOTERIES SA ;GURIT HOLDING AG ;HARWANNE CIE ;HELVETIA HOLDING ;HIAG IMMOBILIEN ;HIGHLIGHT EVENT AND ;HOCHDORF HOLDING AG ;HOLCI ;HUBER+SUHNER AG ;HUEGLI HOLDING AG ;HYPOTHERBK LENZBURG ;IMPLENIA AG ;INA INVEST ;INFICON HOLDING AG ;INFRANOR INTER AG ;INTERROLL HOLDING AG ;INTERSHOP HOLDING AG ;INTL MINERALS CORP ;INVESTIS HOLDING SA ;IVF HARTMANN HLDG ;JULIUS BAER ;JUNGFRAUBAHN ;KARDEX HOLDING ;KINARUS THERAPE ;KLINGELNBERG AG ;KOMAX HOLDING AG ;KUDELSKI SA ;KUEHNE UND NAG ;KUONI REISEN HLD AG ;KUROS BIOSCIENCE ;LALIQUE GROUP ;LANDIS+GYR GROUP AG ;LASTMINUTE.COM NV ;LECLANCHE SA ;LEM HOLDING SA ;LENZERHEIDE BERGBA ;LEONTEQ AG ;LIECHTENSTEIN LANDBK ;LIFEWATCH GMBH ;LOEB HOLDING AG ;LOGITECH INTERNAT ;LONZA GROUP AG ;LOOSER HOLDING AG ;LUMX GROUP LTD ;LUZERNER KANTONAL ;MCH GROUP AG ;MEDACTA GROUP SA ;MEDARTIS HOLDING AG ;MEDMIX AG ;MEIER T ;METALL ZUG AG ;MEYER BURGER TECH ;MICRONAS SEM ;MIKRON HOLDING AG ;MINDSET HOLDING AG ;MOBILEZONE HOLDING ;MOBIMO HOLDING AG ;MOLECULAR PARTNERS ;MYRIAD GROUP ;NESTLE SA ;NEWAVE ENERGY HOLD ;NEWRON PHARMA ;NOBEL BIOCARE HLDG ;NORINVEST HOLDING ;NOVARTIS ;OBSEVA SA ;OC OERLIKON CORP ;ONE SWISS BANK SA ;ORASCOM DEVELOPMENT ;ORELL FUESSLI HOLD ;ORIOR AG ;PANALPINA WEL ;PARGESA HOLDING SA ;PARTNERS GR ;PAX;PEACH PROPERTY ;PERROT DUVAL HOLDING ;PETROPLUS HOLDINGS ;PHOENIX MECANO AG ;PIERER MOBILITY AG ;PLAZZA AG ;POENINA HOLDING AG ;POLYPEPTIDE ;PRECIOUS WOODS HLDG ;PRIVATE EQUITY HLDG ;PSP SWISS PROPERTY ;PUBLIGROUPE SA ;QUADRANT AG ;RELIEF THERAPEUT ;REPOWER AG ;RIETER HOLDING AG ;ROCHE HOLDING AG ;ROMANDE ENERGIE ;SANTHERA PHARMA ;SCHAFFNER HOLDING AG ;SCHINDLER HOLDING AG ;SCHLATTER HOLDING AG ;SCHWEITER TECH AG ;SCHWEIZERISCHE ;SCHWEIZERISCHE NAT ;SENSIRION HOLDING AG ;SF URBAN PROP ;SFS GROUP AG ;SGS SA ;SHL TELEMEDICINE ;SIA ABRASIVES ;SIEGFRIED HOLDING AG ;SIG GROUP AG ;SIKA AG ;SKAN GROUP AG ;SOCIETA ELETTRICA ;SOFTWAREONE HOLDING ;SONOVA HOLDING AG ;SPICE PRIVATE ;ST GALLER KANT ;STADLER RAIL AG ;STARRAG GROUP HOLD ;STRAUMANN HOLDING AG ;SULZER AG ;SUNRISE COMMUN ;SUNSTAR HOLDING AG ;SWISS LIFE HOLDING ;SWISS PRIME SITE ;SWISS STEEL ;SWISSCOM ;SWISSLOG HOLDING AG ;SWISSQUOTE GROUP ;SWMTL HOLDING AG ;SYNGENTA AG ;SYNTHES INC ;TEC;TECAN GROUP AG ;TECHNOMAG AG ;TEMENOS AG ;THE SWATCH GROUP ;THURGAUER KANTONAL ;TORNOS HOLDING AG ;TRANSOCEAN LTD ;TX GROUP ;U;UBS AG ;UBS GROUP AG ;USTER TECH ;V;VALARTIS GROUP AG ;VALIANT HOLDING ;VALORA HOLDING AG ;VARIA US PROP ;VAT GROUP ;VETROPACK AG ;VICTORIA;VIFOR PHARMA AG ;VILLARS HOLDING SA ;VON ROLL HOLDING ;VONTOBEL HOLDING AG ;VP BANK AG ;VZ HOLDING AG ;WARTECK INVEST AG ;WEATHERFORD INTERNTL ;WINTERTHUR TECH ;YPSOMED HOLDING AG ;ZEHNDER GROUP AG ;ZUBLIN IMMOBILIEN ;ZUG ESTATES ;ZUGER KANTONALBANK ;ZUR ROSE GROUP AG ;ZURICH INSURANCE ;ZWAHLEN & MAYR S.A. 
2000;-0.8591240085152068;2.2190710195268157;;0.6441149828268133;-1.0138591496709206;;-0.919256103827756;-0.23544792429055378;;-1.0057645446724897;-0.01694198033311714;;0.508829419769232;-0.6300067473293317;;-0.5215995190242969;-0.5719829598495078;-0.2929244784298741;0.5693427592275073;;-0.47560042378883916;;-0.8819164076538536;-0.5462467560263209;-0.12294487725443991;0.5761134347846523;0.5553514439919303;0.04613179239924587;0.32798163663548235;0.27741694579242837;-0.3048385377978697;2.2119232513855387;;2.2147488722391597;-0.8736707451889706;1.602636181680944;-0.7840922641980027;0.08827014938538219;;;1.8902755168844412;0.27242488305286944;0.12145386115462453;0.30834859483303817;;;1.0822181191017906;0.08544909925374805;1.2606927608608411;0.6175255132587619;;;-0.25882713197612844;-0.7951369878594404;-0.7392995261180981;-0.8983388428253258;-0.27625550823122663;0.08110555363172046;-0.46705963847695536;;-0.7082476822776019;-0.3800673127958869;;;-0.7068000380135997;-0.4461615173105207;1.5254832634002309;-0.16379263414961212;;-0.9697869540717238;;;-0.41006278375620536;;-0.2731040147562575;;0.024685147720592004;;-0.6357356386849312;0.04032290968821657;;-0.4897955453074267;0.03559371580059462;0.12526206167755233;;;-0.8478669286606442;;-0.6837116226424027;0.04798525681823341;0.10566126827746407;;-0.6424050140426645;0.6585048697676884;;5.209046118133694;0.6007708906033088;0.14601438540650377;1.1141413602219925;0.47281582563074914;;-0.3186321746650078;;-0.9673897641822072;-0.6243816429641362;0.11443097723678862;0.7094699833713017;;;-0.417359990086458;-0.5508160816886898;-0.17934277012005032;-0.43450458033661965;;;-0.40478737484041477;;1.832149611719866;-0.767459184680002;0.16245679339888947;;-0.7620399717573024;-1.0037166206669828;-0.49651865289807817;-0.3915351840892238;;;;;1.5787366172432251;0.8370897186022453;;;-0.4947406185294972;;1.90557209205733;-0.9007452438005664;-0.5684539357747384;;;5.1726841441636005;;;;;0.054352425624953356;0.49206872738279916;;-0.8768319950836607;-0.5858582140975788;-0.7637664316630144;-0.5294435560205264;;;;-0.7923656757847174;;;;;-0.8025205303346309;;-0.6070423618898926;-0.25546007114342917;;-0.9455074233470123;;;0.4603412425740793;;1.1035999270324972;;-0.06528728209533498;;-0.7467142465372153;-0.25047539713982975;;;;;-0.2446446472187409;0.6727911430438156;-0.6982042168017356;-0.3529643662542381;;0.32993433509876785;-0.35701512603821517;-0.7975229409568018;1.7086658092091978;;-0.7749358803218295;-0.4750819157677997;0.6331227160058817;-1.0067368117491213;5.209046118133694;0.08253700010265344;;;;-0.6649865240846076;-0.6523138970537454;-0.031022153612389476;0.11344858989648689;0.017812745999086527;0.08351701013123553;;0.675396404059911;;-1.0030681948818014;-0.3516444024989351;;;-0.2936256759895816;-1.0146839722817238;-0.037715576802630664;;0.43043461821063445;-0.6571583314862123;0.45369972061844627;1.039365503092406;-0.6715403727530465;-0.979577335985978;-0.4983185625033329;0.6917604303086654;0.13802018853591141;-0.9141169650557122;0.40417654581474644;-1.0146839722817238;0.42367586598138457;;-0.7232097835421382;;;-0.4481472806991684;-0.8225831186487419;;-0.473085986277167;-0.47308594565320455;;;-0.6313433039755327;0.7381865427100965;-0.14836981071038996;;;2.5174759268608877;-0.19737916047070347;-0.5535260623248037;0.25940133306412333;0.8227632083607472;-0.8949923918859294;-0.7014786812527702;;0.906103821072607;-0.7036412744653154;;;-0.16541401212346055;0.6553857783497603;;-0.08420706582093561;;-0.5882575556847353;-0.24812770072759302
2001;-1.1155897880438197;2.5268796760137557;;0.4616262752429739;-1.2330365344944212;;-1.2541247093088093;0.17888480652885927;;-1.1771158996320623;0.35680142749767585;;0.4800531395009284;-0.3217135585733425;;;-0.6379771557968221;0.604940006448581;1.6387415861676884;;-0.12960232611307046;;-1.032686645619477;-0.6672434847182369;-0.470219830450162;0.28856071192896543;0.17300872291281452;0.37454923550686375;0.2840159055340742;0.023347165429277998;-0.3632261862001978;1.994657946143777;;1.5668956194170605;-0.9922092211833016;1.137931707293657;-0.9347432640751533;-0.11659657142518882;;;0.17729183783434752;0.10093070991339045;1.1199120766298791;0.30258449429831397;;;1.3975585387738445;0.6136022951588361;0.45458969097609714;-0.17709346345926458;;;1.6065672011005558;-0.2926343867230882;-0.9953785433859484;;-0.4868584193889583;2.5837568794478387;-0.7491596593719013;;-0.7530012007434441;-0.523638761017999;;1.2130486478069287;0.3419991729403496;-0.8718485843574374;1.4871655680168865;-0.11094056673048515;;-1.2721365347509168;;;-0.8286941154723202;;-0.30423088163868206;;0.6259473809855094;;-0.7173946826893889;-0.28819484881808255;;-0.16611742384765402;1.7729803283078054;-0.01671340735867062;;;-1.0065825231116803;;-0.8210512821746269;0.19290051234373684;-0.3224355366096908;;-1.0039880057569714;0.819437587762327;;3.488340009108871;0.5725280591317229;-0.22810556750876546;1.484564333731983;0.024299607906384916;;0.37360677606859705;;-1.249116282786217;-0.3900445789028256;-0.24384858170928939;0.4039645023438543;;;-0.4679162677899634;-1.087808062139279;-0.2148137903986883;-0.8981301795914883;;;-0.5200381697570622;;1.6820235801116499;-0.32564435100560374;-0.6524163503538071;;-0.7111915961033551;-1.2435497645339986;-0.589646961919852;-0.6466691727200538;;;;;1.7702841878972961;-0.14284710080777546;;;-0.8560579522002687;-0.8038219988341792;2.067264991942623;-1.0110095831345265;-0.9662713520835949;;;-0.21906772718250123;0.7997413760354743;;;;0.6192517172380001;1.0230755877026108;;-0.8882910977792144;-0.07164660867174695;-0.9766235231709762;-1.0202587972196828;;;;-1.0240532484268776;;;;;-0.9725676691296206;;-0.24254396059750402;-0.5086114582929971;;-0.7950517417750679;;;0.6254300054470991;;1.247594519155591;;-0.6877230148793391;;-0.4605713076935749;-0.7391211049502923;;;;;0.444245069687629;0.6291293302068132;-0.9670093217218092;0.20508893947972098;;-0.2584722364901155;-0.45169424297625;-0.9474780856011409;1.612308677350153;;-0.8975705885072643;-0.7048635576067704;0.9089378685717568;-0.6047866669196312;3.488340009108871;-0.026763907346254043;;;;-0.6500154471648465;-0.34434998986206516;0.08696199552326796;0.13861358438259735;0.05310391805304735;0.07472493822346109;;0.2884595683890566;;-1.2696669821306505;-0.6389891414117571;0.5522864564095717;;0.013252858867572397;-1.2721365347509168;0.7971824309238842;;0.11875223807162273;-0.4025870173015243;0.4076754914020348;2.602936944639489;-0.8393455997902651;-0.843691863545536;0.4241206732660191;1.0808320317208038;-0.13193073128867455;-1.206010297000383;1.270491094059931;-1.2193824402208893;2.4922631725909343;-1.0162829350935563;-0.8100121034801792;;2.1872220320935996;0.2460078528506802;-0.8884637386606508;;-0.7365790313265678;-0.7365791114114031;;;-0.7881399446648123;0.18013063537453475;0.1671393107632185;;;2.333915919766542;-0.21801631513667985;-0.8171778254676998;0.4520939659483387;1.598588603400039;-0.9033000983195983;-0.8214349761594286;;0.4320203177004795;-0.7395749601202677;;;-0.25513629819810046;0.7916423078238547;;-0.4031661070076241;;-0.15137393033707505;-0.5862618866278066
2002;-0.9263944584982133;2.0193795638147924;;0.8138127899930591;-1.179979331698346;;-1.0801893741259077;0.020478712525548025;;-1.0451560089382719;-0.1273704204276566;;0.23324099909003718;-0.2174843212888721;;;-0.7498107742113781;1.6003815376150707;1.2733929026336985;;1.393188211502236;;-0.8798775973393902;-0.05237244623762562;-0.6330585954926157;0.006915132795996558;-0.12617559887440233;0.28934568973213737;0.18998338923112562;-0.1992337517214151;-0.2489451471292296;1.0205707505882926;;-0.9220516373333789;-0.7814958067071776;0.2544544449942612;-0.8678356711158713;-0.32796514127092097;;;-0.01595452979605351;-0.1766073045336278;0.5358341644949557;0.791857765266521;;;0.9226634883563591;0.6252915121118157;0.6867782034003151;1.0748120681064555;;;1.1712049153352195;0.4130879743129403;-0.9275907914488724;-0.915017231644885;-0.5110145616697931;3.9694739274805864;-0.9831011737849413;;-0.3395516501582282;-0.652470211298044;;0.7577055288300026;0.6642722639782268;-0.47221152827437857;0.9781595117552261;-0.11875213902348938;;-1.2235410801093565;;;-0.7829409532552664;;-0.1956078844487397;;0.5787800608725328;;-0.721546628594807;-0.4196185228276245;;0.32779428157718155;3.6318658607934573;0.04121962176478096;;;-0.7132466012097893;;-0.8405809232371646;1.1780670567462557;-0.6723031135115256;;-0.8988155756931335;1.34370455894245;;-0.7917433402755797;0.17729450293455565;0.5423693317427997;0.7711633494612232;0.03226484534013056;;0.02525940663633925;;-1.1603680361115174;0.728778998608949;-0.544787259665219;0.013842824471032142;;;0.012078149857137004;-1.219302315788053;-0.29693232771647904;-0.8416596855378649;-0.9167480572030791;;-0.5988062203911048;;1.2443467279042484;1.173600929840434;-0.22427906808249432;;-0.2448343285327373;-0.6024017113683247;-0.7847331778582346;-0.3923307096753612;-0.4293172881377612;;;;2.52920096350204;-0.15293061527368187;;;-0.7848487511541818;2.8885197819317447;1.425421462956374;-1.1420895788844192;-0.9407425381108324;;;-0.4217688039093672;0.7180236800138339;;;;0.016514618085461865;0.25292740325617463;;-0.4529642522395465;-0.4693769170304703;-1.2235410801093565;-0.8350907471181944;;;;-0.9447472490454147;;;-1.1552566575202572;;-0.9314461309585329;;0.2072820737756184;-0.6510089438007937;;-0.8446564451585967;;;0.12695855389569052;;1.2233583095180443;;-0.939633656763074;;-0.44469745024540314;-0.31713092212298266;;;;-0.3891258612023679;0.9664518787969762;0.35918388859189226;-0.534232555500874;1.879465429586055;;-0.5505166672079326;-0.4549462753690325;-1.0068919245423305;0.20138182722730447;;-0.8394650375166925;-0.9397635377820733;1.1167911903775876;-0.09252710426636138;3.9820485214961545;-0.14791486499368384;;;;-0.976907364374886;0.7164554475698123;-0.19942571422677216;-0.2303594665039524;-0.22553542550009975;-0.2159968922454263;;-0.29761624917264445;;-1.0828738105057492;-0.5488922835185696;0.029520595400359395;;0.0220085917693474;-1.1941621364028714;1.0210278253685783;;-0.1279046605613624;0.715221016568836;0.056089357262212876;3.9820485214961545;-0.9844300145838243;-0.7075318941135923;0.09442101562352623;1.3043531604077443;-0.40645859412951163;-1.0925217542541668;1.9657193818610816;-0.9479360617481997;3.0469952593652803;0.11500261004760577;-0.6703816238574586;;1.9182016380677558;-0.1257805097812814;-0.7411739716868242;;-0.7036750526307819;-0.7036751167017387;;;-0.6329701151617115;-0.13175665480552753;-0.12393718703300656;;;1.1544551991063379;-0.12313908773167866;-0.8070858381576339;0.192091602124389;-0.972086363158803;-0.5113945679458137;-0.5438694649620166;;-0.1069286545636597;-0.8166435450680739;;;-0.18431435103152127;0.23714333558343076;;-0.581322646360213;;0.029095660885526415;-0.7172553843646999
2003;-0.850906516160993;1.9345487433020734;;0.6238656884177085;-1.235021511919396;;-1.0290025165113277;-0.36615259107586945;;-1.0364703820171475;-0.6946957625112471;;0.17128675369136664;-0.04821846736835461;;;-0.6307000729645094;0.9940097681799756;0.18014839737933513;;-0.4235003349659838;;-0.7226373089925134;0.28786070704739625;-0.5324857014127237;-0.02091137356784783;0.09558960861019702;-0.23328406038803107;0.17134844868405932;0.0015680675981388633;-0.1751048995482306;0.9080852473005392;;-0.3530672933930472;-0.7837630587699346;0.3971990896633777;-0.6149601606639986;-0.1631073797520699;;;0.23336752965250926;0.026488387358208177;-0.07922283507106825;0.8162179193598585;;;1.0098431050379009;0.8524387398061262;0.05682777930302844;5.038003595394908;;;1.009870493443524;-0.3621813016421133;-0.840217275479633;-1.0013944637035816;-0.3510375215074095;0.7721661388294793;-0.663457402744006;;-0.053214554962892124;-0.2537574621120993;;0.6861792572274785;0.42668413384941495;-0.4758838021381067;1.5747365161193811;-0.15431289563624306;;-1.3950352364531526;;;-0.6828533079255835;;-0.421663109852452;;-0.20699138549088628;;-0.4694692035763386;-0.24940559039477883;;0.711266341470163;2.2489441018395375;0.4512109132680502;;;-0.7888343548512756;;-0.8483710585042731;0.17787843191673394;-0.551182791665914;;-0.7308457445874735;2.0673289361689395;;-0.7338946612064595;0.2562803499593437;0.33340875367172296;1.1500630675277308;-0.049907096320092936;;0.15852449973027893;;-0.41626834829157616;0.1221753872719436;-0.3126099373054263;0.08169029668863631;;;-0.3664367473176308;-1.0258033821791361;-0.29934494278364693;0.10522771082748063;-0.8953087725556499;;-0.4731996988963294;;1.644875080544791;0.5558447938946401;-0.008091274618768567;;-0.5346870218703524;-1.1350341921006912;-0.8744132254579866;-0.5659920603882417;-0.5727313886704187;;;;2.073006382875113;0.08918927344393554;;;-0.6271547413749868;0.5986183219418227;2.5757390257511723;-0.8801571307762305;-0.7513768329842334;;;-0.3822001642201004;1.4898614824054304;;;;-0.08956821498066009;0.040783486869204216;;-0.5877969219847221;-0.23688669833265008;-1.4082786769430486;-0.8011149327019492;;;;-0.8333606380994303;;;-1.0685608925330958;;-0.8825043290261327;;-0.34949730704463977;-0.481941191974466;;-0.8132781918520936;;;0.258356740102281;;0.3686766255533483;;-0.4076311893461703;;-0.5408054092309571;-0.26265064414695105;;;;-0.04981419527277985;5.0422631731037475;0.36016018198137023;-0.6435069979797979;1.2952000423001275;;-0.6961934887111093;-0.1965121801205086;-0.9542623690410934;-0.018820445674981107;;-0.7703898636087521;-0.826471266958539;-0.12722823648386988;-0.650956835734789;5.0422631731037475;0.21509531358890388;;;;-1.0104047822664433;1.2237495550261248;-0.20500290890999798;0.03967628905009725;-0.18805176050186256;-0.3794570667438356;;-0.3577720130163806;;-0.7474507720421006;-0.08843832485023206;0.14874372389854362;;0.47502262378692417;-1.1411982762733877;0.26842755438158333;;0.2592195592057968;-0.053694118063720125;0.31332909323414;1.6593131469900901;-0.8663523458119463;-1.4082786769430486;-0.7559740064677882;1.2230679188851223;-0.2326159514357184;-1.0775725440559856;2.3837964595331846;-1.0285550268251478;2.3435900406105232;-1.025800647159612;-0.6223606676103913;;0.5247925536083361;0.04075274257101532;-0.8581268445090986;;-0.7181800571863372;-0.7181801110164305;;;-0.43744625349012606;-0.032850998344507686;-0.32224139453003303;;;0.7344384680585663;-0.03898569954524742;-0.8818035237234805;0.42973199164441517;-0.08217299246217957;-0.4861883660229544;-0.38558945327032174;;-0.03826747848273974;-0.46463827171191296;;;-0.14829521512899935;1.2005513094690121;;-0.47124581608624655;;-0.0839456146616917;-0.08745712639485793
2004;-1.0850453950255057;2.452057886901035;;1.098157542464521;-1.4639273220464915;;-1.0610072963394148;-0.35524802964673013;;-1.2799349095918477;0.3537954812626116;;0.21485839282526772;0.3044109126998039;;-0.6586873647380537;-0.723863688144287;1.2018699428122976;0.09090150705244761;;-0.8449608944397312;;-0.7810457526103436;0.8041547059936781;-0.678528629075765;0.08307574052545139;0.4380810145414819;-0.40859083336528074;0.47219952413963273;0.0518222164073944;-0.21582312693075656;1.415227592937391;-0.9408288904721089;-0.23681955900864354;-0.9925047628052198;0.5259458661320416;-0.5103727781303257;-0.05328124600427396;;;0.5012819235734814;0.004413812491452675;-0.13522452519130604;0.5865776840402843;;;1.8911966081639011;0.8460605145020703;0.12884562900647623;1.9648786351790728;;;1.0925632438565134;0.6288133151460362;-1.1170436379514148;-1.4565369268901673;-0.0885793870646842;-0.05250570596864295;-0.4963300259129697;;-0.09130420890578128;-0.7281937424000071;;1.2172193568279157;0.6836286602225428;-0.17635807867294426;1.6342645901317876;-0.37219978117450303;;-1.4639273220464915;;;-0.8199804838256973;;-0.3645929316355304;;-0.19881294378889375;0.5521041850952497;-0.6860327715679067;-0.1222565547970483;;0.5970497901851415;0.6257481045256852;0.24379024997536622;;;-0.6619659215411446;;-1.0610855098459415;0.3607650801585467;-0.7222986854043277;;-0.3780466063990446;3.143646628630616;;-0.9852124611135769;0.8761009691260018;0.6048100952225692;0.6196838009351333;0.5040862743591402;;0.5323200348195634;;-0.43523935233590705;-0.04242096691383399;-0.7195280315980072;0.2524350971189921;;;0.0820761047061113;-1.1647360187367828;-0.19594537645069957;0.4098582994131999;-1.2039857975061141;;-0.5245405661025575;;1.58343618282207;0.850416204867577;0.5974400829059616;;-0.6698887876686489;-1.3202506919109944;-1.2792364336581816;-0.674425080803603;-0.6840176872883748;;;;2.058372140095625;0.7855351124535446;;;-0.591926591670009;0.3387497255250366;3.606416673032645;-1.1266349746511184;-0.7131674989401804;;;-0.44047059709997854;1.7181836987732597;;;;-0.06834312678351827;0.2004280827033814;;-0.5008067405902455;0.04446600375903207;-1.4639273220464915;-1.030229774361664;;;;-0.8858795789145552;;;-1.3757212866997122;;-1.0170494022059964;;0.009884315662800729;-0.2658409312709826;;-0.7564815242982548;;;0.4793832042724761;;0.4257321446354988;;-0.30162535728871986;;-0.1988331063367693;0.4229454061963797;;;;-0.6110847959325735;1.1858456523074217;0.5799553949311894;-0.6459176981366453;0.1358086123665336;;-0.751668095806088;-0.0773167043265136;-1.072870764367134;0.0746461967780758;;-0.7609540203703123;-1.0793498306169773;-0.2815298628220981;-0.5469863273753828;3.606416673032645;0.31267132482910287;;;;-1.1722377457479713;1.7269147025218696;0.11691773420879763;0.49564105200868896;-0.887945760787424;-0.4719903598094104;;-0.6370740153549637;;-1.2283979688824969;0.299926085854504;0.2299496697924321;;0.2626564638711802;-1.415380978190657;0.10484351763285905;;0.4150747011579445;0.8004304755349103;0.3095183857367836;0.4775121464103138;-1.0882325697703015;-0.8038251307192377;-0.8365070087857345;1.4990062594916342;-0.5386042643275427;-1.220934311817793;3.136835455010069;-1.0145465434717424;1.4014246969053634;-1.2488660705186876;-0.6765341233817517;;0.7794872976295061;-0.4676908816190081;-0.8669196513195545;;-0.8483334339768105;-0.8483334263730139;;;-0.2700213714731939;0.14288855447397164;-0.18530637487564214;;;0.5446351096177825;0.10959433957292995;-1.0715174938290228;0.26708795086783305;-0.054119050804319155;-0.24826572548852968;-0.09119472792926427;;0.1107546342972994;-0.609027710253711;;;-0.3864158883176837;1.3942806447254668;;-0.6049822571831809;;0.14307604380176692;0.31369694639561835
2005;-1.3183553437672708;1.962273852984222;;0.2770986921445194;-1.4436692928372665;;-0.9777003545046299;0.06843354009112158;-1.3635546563636987;-1.5988116123578926;1.1372247297665592;;0.6679342585600557;0.47736194072926713;;-1.0211854099258486;-0.641930594219212;0.9890237578304953;-0.31656880441276886;;-0.1483871389229375;;-0.7464173932852172;0.7176550358418263;-0.7985681998873964;-0.007487712731078861;0.9467804410260428;-0.7612815844773881;1.2011676181225033;-0.15356806080179797;-0.5552663327400587;1.1495637511471182;-1.3536428179702344;-0.0832666655634834;-1.0253354458759436;1.4229050048650735;-0.7339092249510744;-0.009342887466910914;;;0.7417997877981519;0.2832607039271668;0.1696483165412138;-0.04642844376856237;;;1.7629177490291923;1.1339817646923742;0.04000972408201895;1.7336872454115313;;;1.5686222412893045;-0.008959237897418903;-1.2406761785127447;0.22390121512843175;0.17681943906908182;-0.003934621000457021;-0.15015059459553823;;0.35839071691383456;-0.5315706984150117;;1.3741402110543313;0.6843720794156901;-0.2063742401422095;1.2007293549753835;-0.5065377493402543;;-1.5988116123578926;1.004282998662301;-0.865400699257321;-0.3822601625279101;;-0.4885138422590036;-0.7371229074382926;0.04482195624452931;1.1239754359817136;-0.7369217507128826;0.22229429077396112;;0.2768794335156978;0.1950233135467399;0.32897151843581357;;;-0.060918611082952746;;-1.1718683656739701;0.26202882508180936;-0.7357450288315779;;-0.43039197236381077;3.1256571337472048;;-1.040231400487079;0.3242595852408895;0.22673832079296724;1.9943842278978443;0.9716498722591983;;0.06533204246114162;;-0.20448526138332926;0.19830835036648167;-0.9541286160146752;0.6851698261579878;;;-0.44261008785361805;-1.3790561160059398;-0.6364936733468832;0.8704119558779408;-1.2580811378170054;;-0.3117662053205423;;2.071108447992097;-0.09280156172252715;-0.4420807997216407;;-0.18102073873066196;-1.3027553055252081;-1.291747642678141;-0.7919714049422169;-0.9576341417488433;;;;2.8826153243516583;-0.039577823650682735;;;0.03079105905884459;1.7286543924661;3.1256571337472048;-1.257752523821052;-0.691110025852651;;;-0.27946966187937067;0.45582768859025846;;;;0.32036549221663346;0.20311441270787042;;0.2523355403726562;0.3184904174070601;-1.4893975657750662;-1.14502142635396;0.9158285104469265;;-1.025603067223711;-0.877874477324362;;;-1.5988116123578926;;-1.046651310607801;;-0.6296375796292107;-0.2482987427171;;-0.8752225363847693;;-0.8639017483531999;0.933921565496911;;0.5301344959987417;;-0.5352796517395378;;-0.08677399318436844;0.7404833799027553;;;;-0.282147391100969;2.1866494566859513;0.8825485659849446;0.08025077705873163;-0.13033617786668963;;-0.36872805189130897;0.1696384486040972;-1.2297032768578153;0.5254575057050388;;-0.702980816414727;-1.0363635090810797;0.04453022928184658;-0.4852328583853645;3.1256571337472048;0.6120056421165426;;;;-1.3228371743841028;0.6958059839890111;-0.021696070706011084;0.9191405952555786;-0.7705745281011976;-0.6868218745937748;;-0.32486521885013697;;-1.3471551788041969;0.21122199523892307;0.18441494243170126;;-0.19348687436058276;-1.5684210305875512;-0.08762144425309706;;1.2893251152842027;0.527865722006105;0.7117742180196093;0.15268400210998245;-1.0851845435081873;-0.7900721831517514;-0.9007987545845493;2.016190770998099;-0.5542095960698766;-1.2872179263231458;2.388959437454835;-1.1923935351258144;1.0785523722616421;-1.2817969511591796;-0.6201049945197404;;0.2578326018472622;-0.802666483995064;-0.8373232000439823;;-0.7816506796670858;-0.7816506373490391;;;-0.6992878832059292;0.48844195511879884;-0.0030199242560284534;;;1.1958772464300442;0.5065702986312821;-1.2122535035274558;0.9889049578277885;-0.2724492745921638;-0.4822442890116605;0.20641413888656146;;0.6128919921246266;-0.5180052785453813;-0.42586544782391006;-1.0821185396313637;0.10934974889060056;1.3697557989349107;;-0.587579849900689;;0.08302676193811073;1.4265706263961295
2006;-1.2642690236131822;2.0864789384019233;;0.4234485544701704;-1.4646240294383892;;-0.9238585589269257;0.2766483920142173;-1.086796606813207;0.17314969472483804;0.17125110114982245;;0.7936922435878702;-0.05642770084301037;;-0.813870895326917;-0.4498599443531999;0.32141399461446085;-0.32164300853884875;;-0.4498424116041659;;-0.7192240366756909;0.3231329438907347;-0.8612168701422913;0.15312368017699016;0.33176563654574054;-0.7741751805311045;1.1526950950525159;0.2639444905089678;-0.6038896156912904;1.8095504280614063;-1.551186790045432;0.38212596443259333;-1.0934085218683671;1.015390129032813;-0.17989307299493662;0.173778918597697;;-0.5579454185654399;1.016748116117739;0.7631761816363175;0.505505858714703;0.03446722613406458;;;3.1727215005826435;1.049464626523134;0.11177370619330294;0.7253426413353381;;;1.710631159049992;0.18394518586363212;-1.2133280634486483;0.271176180067475;0.1629644547111234;0.20153666156927172;0.11754207668088967;-0.4954982215261536;0.3962762479672008;-0.7777165477436084;;1.1647083992053897;0.7632687668565684;-0.18747640746593394;0.5170853959260329;-0.34543056133062694;;-1.558973095248732;1.193175274433375;-0.6659983217177263;-0.04728957425447319;;-0.5148910874007947;-0.7311313889953346;0.2175306027352778;1.1273332265142841;-0.7299404034415712;0.26757672003018684;;0.9105856424084127;-0.03381852369453091;-0.09301909474840049;;;-0.2533747893622149;;-1.3014843832515965;-0.34512221900460655;-0.6350354791590263;;-0.6193927885138916;1.0897098919723964;;-1.132101571808213;0.473400259368527;0.3391017474940035;2.3136111633329715;0.720705782591947;;0.7254967277671138;;-0.014937299892585854;-0.43426747714716213;-0.5470212960365904;0.6012394982362848;0.8545952686448162;;-0.38892547138694483;-1.0353866201237376;-0.6816125937962493;0.6414178846752916;-1.0032416059783216;;-0.15022259435185192;;2.4764110915719395;-0.7634602348608529;-0.6300653484638686;;-0.4686973902326416;-1.0986572831982064;-1.1521508790096162;-0.767572669126457;-1.515616867525554;;;;0.6912151661232017;-0.5320983975175525;;;-0.19298094827381415;-0.4349286974355499;3.260545160647216;-1.1557140620004576;-0.7116702525563093;-0.6134744473035711;;-0.06444384912337707;0.7356259396383414;;;;0.056862368632300014;0.23858169522590464;-0.791000360453333;2.0156151656090615;0.9856685646673105;-1.558973095248732;-1.1405636602677351;1.2124360300101469;;-0.9207586145441279;-0.762390990220313;;-0.6135364704341796;-1.558973095248732;;-0.7709695612356994;;-1.1549221559812055;-0.7411017329614877;;-0.5174692007193102;;-0.9993398195195815;1.826431586063232;-1.5343650295136653;1.0375483534491847;;-0.18419478359379435;-0.38956738042926087;-0.2215493812532911;1.6015829662218024;;;;0.6374230985336763;2.1642889447643436;0.875825219717902;0.175506265642637;-0.3642819501557917;;-0.40714834889919227;-0.23430097302321617;-1.0843122507728367;0.7481179315481608;0.0035496679657498354;-0.21402189474941646;-1.0539361694094018;-0.5408631090742835;-0.5043917468574292;3.260545160647216;0.7601773885496155;;;;-1.276675843946629;0.4305986467446069;-0.1328941666456538;1.1363250596395;-0.8405346153336596;-0.9058892358454128;;-0.3340067429782883;;-1.355840706247971;0.9360431952151592;0.14950830632632947;;0.5483090392419894;-1.4104820733389274;-0.7200831721319113;;1.1023862179063448;0.5756319889973196;0.656584669322357;-0.6840681295113471;-1.162243350738075;-0.556631570606578;-1.2290825218476624;0.6406936430813592;-0.7423690249358915;-0.9838226045272442;3.260545160647216;-1.0875238613928495;1.4508139796581592;-1.3140799960085994;-0.6737993877804315;;0.2644831123646813;-0.8215149627680616;-0.7406631671335041;;-0.6343300622607648;-0.6343301415991468;;;-0.1408154196915774;0.5856959490552235;-0.05310196071779671;;;0.34918628933937496;0.9636597506930665;-1.1793687263615171;1.2542389575533508;-0.6756366890837948;-0.5128382969937924;-0.047653657793069876;;0.9637509837984831;-0.3403785975170514;-0.1972006497941328;-1.2314604687777733;-0.06341741451541902;1.5759474718883602;;-0.4164312808995563;;0.34837326791536216;2.160194859519738
2007;-1.2019250691885903;1.5847165185298286;;0.21260249910609222;-1.3871455313645524;0.20088093774002372;-0.39813065406509723;-0.3064358037629639;-0.21754445971575861;0.5105725957501548;-0.39950182676081925;;0.9039169803519992;-0.11295208673524697;;0.09682710379745141;-0.4425478176109541;0.7138255614370457;0.3713200119209951;;-0.5059772340151742;;-0.8432625683271875;0.6900009442173726;-0.9753174365197236;0.26456765637627166;0.4758559358371027;0.0850024685653124;0.7974009142701408;0.29384456434353845;-0.9860267724903787;1.9193415636285245;-1.2208010338796895;0.37467922426105343;-1.1752142207498955;0.378549885045331;-0.043609632541571894;0.24240406456297905;0.15681616756265712;-0.06711898679887382;0.4672207240854519;0.921646662668541;0.5319668071426165;-0.6851774235408911;-1.2343052451152774;;1.8337108164706604;0.6860279405756888;-0.10661533514115933;-0.13702488278210273;;;1.3320442644110424;0.3545474541452277;-1.233442776298808;-1.0932584105614152;1.1970752349310896;1.2468121654882818;1.289058312664884;-0.32956896310271355;0.42976670740828093;-0.7270205874292054;-1.136048417995321;0.5519749078567608;0.2781881294308469;0.2088844358569893;0.7443102580456796;-0.5889884742000268;;-1.2484404376636453;0.6506092877294632;-0.8220722688741772;0.34122182802646644;;-0.8737865951402335;-0.6586233712827273;-0.9397946097037784;0.9874507178922001;-0.7413457300078232;0.1208368988577522;;0.34741696358857954;-0.2091563519090114;-0.4299994109395002;;;-0.6951369317726563;;-1.0116919036338354;-0.06370661674765703;-0.6614076416687038;;-0.9921800268291545;1.4853679553466783;-0.7934608931555137;-0.99378807910141;0.17588201875533094;0.11605576031446542;2.1701961649950046;0.7651566989924711;;0.886919743749624;1.0354949569155079;0.10802525369046947;-0.8006333418360869;-0.5402703740711341;0.6412783587074616;0.22854230227483893;;-0.47232174650227754;-0.9240620309486406;-0.8423199902915866;0.6234088021438091;-1.0398931396150288;;-0.20744492512497456;;1.5977727298764681;-0.6101775718888939;-1.5369368614938184;;-0.553276998816839;-0.33827291864937603;-1.146030125268447;-0.5969202742170019;-1.3953210197254449;-0.050283896142730704;;;0.9820787179990854;-1.0991412792161588;3.182483868614181;;0.008566913396344645;0.11976143598714295;3.006459597651093;-1.2000706118852456;-0.8592660036977295;-0.5860337312667806;-1.5369368614938184;-0.01581049365347588;-0.17025864209810307;;;;-0.6263263585716559;-0.19486566909000122;-1.5369368614938184;1.828687553344018;1.3776351814873058;-0.7311143544939186;-1.029875341777997;1.3787119822374483;;-1.0060295150802159;-0.8914931699968229;-0.7214770406452026;-0.7246709940167212;-1.5289186097983982;;-0.4854712463157717;;-0.8557053170094315;-0.1643313992224804;;-0.6691052863147338;;-1.0645063060579105;2.5814610980509047;-1.4188704083076165;0.9936582451277131;;0.17868535769900049;-0.2554932731258419;-0.017926582367399718;1.0372428910376472;;;;0.10618830569528877;3.182483868614181;1.5165667873290727;0.3990120994177877;0.6226530611309246;;-0.4194778559385066;0.217322719651586;-0.8835182816153;0.7163054377753812;-0.13288769632537026;-0.7354919677948774;-1.02384375895943;-0.1736483557790227;-0.2552647189537242;3.182483868614181;0.39723425516380834;;;;-1.1227585126856727;0.3181391968493216;0.20310536567813117;1.060139071733884;;-0.8660450196579419;1.7604802367118442;-0.24987414019430101;;-1.2734707662258298;1.2254058231854947;0.20692104119778248;;-0.1484216969736072;-1.3212891601571237;-0.8605425463198416;;1.2367389696279647;1.4100977511297725;1.3819783620607111;-0.38682323902298904;-0.9619609335922098;-0.5119518607403146;-1.284013011315657;0.7193391272065185;-0.9446344823828878;-0.8553218923117428;2.4023770993925373;-0.8915060936852379;1.5891082904343852;-1.3339018530030353;-0.8215300679647514;;0.22951412101823457;-0.8589143968443673;-0.3219849794109505;-0.9594211654778901;-0.6179295244387729;-0.6179294697459304;-0.3297164943720976;;0.12718176053483302;0.062167141637023;0.3474719125931374;;;0.04241062063557473;0.39558880242943656;-1.2490499192148472;0.6621463526077888;-0.707170302656833;-0.4653653470424437;0.2725540368381807;-1.3140695123056059;0.9016222120275705;-0.7298242816177767;-0.1403889002881821;-0.6730433221275046;0.09377150069969035;1.2449110096010245;;-0.2533390374879371;;0.39513253104064644;2.1872095197860317
2008;-0.9486402402272454;1.8506999198878817;;-0.7545848293664148;-1.2511416117018166;-0.6211042305301284;-0.4349785486428745;2.1168828681385157;-0.6268460446738273;0.6550978309293539;-0.25680006827011864;;0.13042454969604014;-0.022278207868285358;;1.8179513468398505;-0.6492350673623944;0.12669873560818967;1.6858330701500956;;-0.6589880295079966;;-0.9298347038151931;0.27704914059313507;-0.9225259868905938;-0.37844506001706574;0.012893392487900803;-0.07087580325273564;0.22118893325483688;-0.3495727777186507;-0.9790394777261507;0.5279737142821219;-1.250509408204765;-0.3896415803166068;-0.9611023340850081;0.16305239333016802;0.3022927252970338;-0.5525299263035188;1.3693670240966305;1.4360263806635223;0.6521458738896739;0.15484569702381976;0.7352596933346464;-0.22941374515350293;-1.232020240318732;-0.15699454876040944;0.3526979615289939;0.7230151733976994;0.8340267489739221;-0.22659269771793428;;;1.2288179398890096;1.9013912144118765;-1.0204981427461899;-0.8449379734499967;-0.6748119363878143;2.118545171597606;0.39373392393813006;-0.4841085407526204;1.1762593091364368;-0.81747170328875;-1.0188113051143028;0.9777032125374752;-0.16379403618342428;0.04244336063954945;0.4749308437375846;-0.5668632904420042;;-1.1680543626663191;-0.04160004857784566;0.38257693358538136;0.4880538862199235;;-0.8202829634798029;-0.3179836939809778;-1.0265896351736399;0.6881764714001087;-0.7158325307658228;-0.4484581908953003;-1.1175754319910498;-0.02504698617795053;-0.012674287757162811;0.6157746396985601;;;-0.2339780511571705;;-1.0060656007530453;0.7138931233284285;-0.9235051760055962;;-1.249834951111413;0.7080204273959031;-0.5024966254890053;-1.0564528207320203;-0.37363288400888356;0.39011050764974436;1.4209288040931134;0.6512851244002235;;0.04396900267317819;0.3412656580057041;0.06051256149263866;-0.47038381484730407;-0.6474549444338092;-0.22246991471016628;-0.24054453753429392;;-0.24769510750814516;-0.8351004123272554;-0.5830239927989769;-0.1422430615140189;-1.1032750339851678;;-0.6755716611208586;;0.8902232693616561;0.013010793932940915;-1.2511416117018166;;0.461656650443887;-0.24175395387603776;-1.0664620356883712;-0.5633420240275635;-1.1919321122756636;-0.6397708508152741;;;-0.3081161939751898;-1.1186100483836048;1.47737285296892;;0.22666778236937526;-0.7704519104703722;1.6032514890666436;-1.1399238378673195;-0.8473377630230513;-0.35612548464342375;-0.4083578874059392;-0.5303003627559203;0.488345815197159;;;;0.1767865704587996;-0.2621168353731434;-0.9164816426175326;3.6544840042966804;1.6150750576517003;-1.2511416117018166;-1.0042064984133863;0.5463791201279052;;-0.6195955603372189;-0.9442831791787417;-0.6393399705373811;-0.2020626765088706;-1.233909159332786;0.051724303795853396;-0.7785551393092617;;0.4495021673181541;-0.5531780096687183;0.1202747648907507;-0.6229383034015409;;-0.5072197421565837;1.0126960596436334;-1.1696848597214249;0.13692033510178503;;-0.3899821118454865;0.8041001353752373;-0.07097023284291515;-0.17994620044081747;;;;0.9608503948766638;1.0616416273209384;0.35187027737385596;3.2270741779393206;1.216758432965772;;-0.3967412444731278;0.07360015911501301;-0.9756772681707375;-0.18304797568032793;-0.2854923656600416;-0.8742041232399682;-0.9499911915255433;-0.5766818859151147;0.40180012555895267;3.745935087040105;-0.021771640522836356;;;;-1.1235274808879616;0.17576802563086513;;0.6979787640817137;;-0.45134011218509;0.3648195287052889;-0.7372157562856057;;-1.232764735425632;2.1164570503623366;-0.19906330897335026;;-0.1604580228208856;-1.179399371333641;-0.28310690296206553;;-0.02856395065835988;3.745935087040105;0.3410775449811174;2.0622920199457377;-0.9925876665259352;0.6281841166925496;-1.0517089541755;1.759972704846593;-0.9485905668699164;-0.9633169670645505;3.745935087040105;-0.8556518253785012;2.1176671039281088;-1.0528466236084406;-0.3674447348290034;;0.6346241946174442;0.2310102499519643;0.7220184975048569;-0.09390534251308164;-0.273725008413526;-0.273725008413526;2.5405118699623426;;3.7383351805924327;-0.657049063974202;0.2886364961195364;;;0.0752487056905346;-0.16276438922345424;-1.0551483443676954;0.011773125787172734;-0.9901301025566484;0.06398482568068305;0.12321174821772753;-0.9239660817983358;-0.06856364779146512;0.257587156490672;0.12635047236511138;-0.8408564205794243;-0.15055808668234316;0.28957120150047205;;-0.7738328482873651;;-0.16313129122890604;0.3458358420689384
2009;-0.884358409957844;1.102134974003502;;-0.06925923212329596;-1.069576443459869;0.3717759693867579;-0.5975122791584688;0.6050283341082545;-0.9000681184104123;1.0910058672396916;-0.5653605612151751;;0.2524373120873721;0.013086314719894495;;0.565153411324421;-0.49747341374354564;0.5259104251013541;1.0951666562604951;-0.19392500759862571;-0.47567372404080144;;-0.6796006821193277;0.5738942835164097;-0.792009866138862;-0.06985351474851043;0.04109002626764158;-0.13768907600045513;0.607108747341713;-0.30412853238099696;-0.6756312998593083;0.4018535504285718;-1.1761967520662076;-0.12519961588472925;-1.0036883916682695;0.30747940960650155;0.24320616913478182;-0.31802675284541954;1.2031013722289112;0.42614941700304276;0.28422367439003016;0.2531215012500847;0.22356522327020487;-0.1635121333267122;-0.40505010002733843;-0.027083202445534103;0.8278919308556829;0.752743787797187;-0.11285157312289427;1.6985698510129366;;;1.6015458766208792;1.4747551913636454;-0.9457525474089002;-1.0162648021372314;;1.0489397098829805;-0.2149210196364673;-0.5511667605921179;0.3778866976954706;-0.07921659097886027;-0.9513789863455796;1.2245026374951298;0.7438849529261945;-0.2928032269228041;0.4196317779526268;-0.540055810395473;;-0.7701540990085093;0.9055079904592633;-0.5168186477835166;0.6892741791785454;0.30181821718800667;-0.6381623242456642;0.464437017257611;-0.9001296423714857;0.7112187446702846;-0.7904154742193485;-0.31618684195921054;-0.5942752041433543;0.09075627352581915;0.10368637583083928;0.18823839513315838;;;0.4757346182941949;-1.2262955456097981;-1.078220619967557;0.4731358882392865;-0.7070307210104086;;-0.9984234457331492;;-0.631139505363639;-1.045306592856645;-0.147324649358471;-0.5356233105780577;;0.552953086995534;;0.08635214398901062;1.1620630859155412;-0.08215941816046501;-0.2859707103780492;-0.6410747557776231;0.12544767658201839;0.1386115318443514;;-0.4325962968886957;-1.217434737021927;-0.41414586516963703;0.09083411417949812;-0.6550939312265754;;-0.8746761346568382;-0.4217379156579045;1.29281574415547;-0.000966679113344275;-1.1315996542631324;;0.0948270051792899;-0.8081334433378575;-1.113350142169411;-0.3930500109307623;-1.3956077829451023;-0.13433290391132205;;;-0.8624400065340841;-0.553438437623563;3.654259538876414;;0.12360448484889046;-0.8696088908814833;1.4673468275697463;-0.4503579390840807;-0.3247944029097876;0.47399982140640895;-1.126031827383026;-0.39698564513477697;0.7660029014014218;;;;0.030941563112112977;-0.1965423326401547;-1.037665203536496;0.5858145246042686;0.9833396175886462;-1.3956077829451023;-0.9342334315716353;0.4877151878607351;;-0.5944203284969538;-0.9452595831727839;-0.40771608004472576;-0.8051147743935148;-1.266827818170251;-0.0008697783319960668;-0.601863689310145;;0.8134602822187805;-0.5620101507282594;-0.510121385241722;-0.3139058678586528;;-0.437389171752061;1.1326864008246966;-1.2073913024715621;0.7374470166525537;;-1.0409588092383888;0.8889614255080558;-0.06580739225541804;0.4978634714460689;;;;1.0110134678271672;5.19790348807922;0.6188252231903811;2.0683936323892054;;-1.3956077829451023;-0.1511229458436843;-0.4536025349787184;-1.3827907361873324;0.9601074499483802;0.22531232586890554;-0.6485071832661754;-0.9945766401425057;-0.3911854573207929;0.11039239533073858;5.19790348807922;0.523826693786336;;;;-1.0886467607056292;0.25926080603781504;;0.9108841978122739;;-0.7280925328283372;0.6835229554654647;-0.385679697895704;;-1.045868375843231;5.19790348807922;-0.15427859096304983;;0.1023184413661161;-1.212682832243931;-0.2434791715691128;;0.4501513523354765;1.654070142000928;0.46039230284035293;0.2190742004726064;-0.8847016503880029;-0.07566410301677737;-1.0205258545968694;1.1720075258891964;-0.9583547431086923;-0.7885561311271984;;-1.0028820622917654;;-1.1094121992972317;-0.6576968317831121;;0.7810807850779237;-0.017552697848525957;0.44988021638866527;-0.21538109325044646;-0.1059355986013628;-0.1059355986013628;0.22504861799459835;;2.1748938408977714;-0.47674013274580507;-0.2649174876508987;;;0.03860617634612504;0.3583620618260041;-0.897809367705549;0.2477326206426352;-0.8566735079818979;0.012631586535959926;1.4931086800120654;-1.0678602981223932;0.024876421705069405;-0.07209583900179381;0.1274688216865871;-0.51938001506254;-0.27231416419471094;1.7416768596989212;;-0.7186401720763312;;0.24686596593409774;0.7478684377269953
2010;-0.8620834666334314;0.5676926416071274;;1.0348805657506672;-0.858747093199891;0.8503179668086946;-0.5761760512123659;-0.7647909050313204;-0.6444116588719327;-1.0782897296080776;-0.844777909700419;;0.40318896673178467;-0.1931230887544658;;-0.33591457496216137;-0.9759963141877055;-1.3785274257206763;1.071124516279331;-0.10253734949807247;-0.6787219513843659;;-0.43933255991591547;0.957439840543404;-0.8101395156304526;0.2916109194718113;0.47218682059221573;-0.14284234642896357;1.2340010609654481;-0.25926754269194885;-0.7088503891965516;0.44805672044283895;-0.7584860191695155;-0.08828733998060692;-1.0608581280317297;0.3682034606006897;0.2963467132742548;-0.10165609596972161;1.434861371972656;;0.3365922441436383;0.31185850847728125;-0.28997517167721887;-0.5667720902991358;-0.7553122386168432;-0.22249896408297715;1.4562058254871137;1.0513858010552868;-0.470256841817199;0.794729947873563;;;1.4690962732339692;0.8863722384462833;-0.9760893299478121;-1.428660645377224;;0.8904859937517932;-0.5684216585001107;-0.5826635204290257;0.19864742532488172;-0.7147384883167194;-0.9712689312939856;1.6690740770754675;0.5067594840342882;0.19689847054060233;-0.4131493024819256;-0.23124239745778463;;-0.749566314837733;1.0331279397874775;-1.0317418245330983;0.4794440282286809;1.0068615708250932;-0.5761179532755095;0.03340086927004297;-1.0944499552935087;0.19134731166512317;-0.8837463510141738;0.035763144532536845;-0.9761199444030034;-0.34666228020690715;0.11815673343733075;-0.3181407245348582;;;0.3997622971639185;-0.8319731819841153;-1.1252409329451396;-0.3837438142220791;-0.6705755794037387;;;;-1.043987104784476;-0.9768397176348282;0.2516150893977594;-0.34853619018265136;;0.7211318757845526;;0.503661448220793;1.7472419234310772;0.30768258478448524;-0.5288793284975297;-0.7577414556845989;0.5758323038123182;0.3936485766493296;;-0.5292009326247147;-1.2351986245398259;-0.512448383974286;0.38912578287095034;-0.44703183319003625;;-0.9346988642966436;-0.39227365278932497;1.3234984808931745;0.03189713122979799;-1.038325114129885;;-0.11218301277187198;-0.6347096829662627;-1.1831722275069263;-0.5587355805722664;-1.497048093675011;0.03292739209814916;;;-0.5041031865037428;-1.0429502587940178;2.9166479872412086;;0.314202554814794;0.039592813543499285;2.6794505937109787;-0.7369045529884077;-0.1383286551264782;-0.06866566511448743;-0.995818481006521;-0.30643654369854467;1.0131963568070839;;;;-0.5708856799117418;-0.3313832650404126;-0.42140939581958187;-0.6628637894291239;1.2742936307796338;-1.497048093675011;-1.0106863992848936;0.6467173038369712;;-0.9860130083167568;-0.7363265296951521;-0.4032889179417936;-0.689391717395855;-1.1093073384689682;0.8322116948400817;-0.3369477645257334;;0.5454735731429069;0.054655572196089436;-0.004150662883024681;-0.15810824874512422;-0.32165262449447635;-0.8850390943340474;1.4145299202607238;-1.235014202717113;1.2565622813217714;0.19418866090529183;-1.170675795727084;2.1349599972836533;-0.482465634944069;1.4722051526382334;;;;1.5264512624576902;3.1674175289084068;0.5781314482414089;2.1530991533037565;;-1.2088250892362518;0.6511308552176351;-0.7162879479893699;-1.3477412685342123;2.0493348724363196;3.4417641619132766;-0.6024362393721724;-1.0585575121954227;-0.49673299309790314;-0.09923123664559771;-1.497048093675011;0.8167139388801243;;;;-1.134805063775079;0.5202958151573377;;1.8361616191495154;;-0.7513475712051404;1.436275979277076;-0.2157260913174924;;-1.1607340315548147;3.4417641619132766;0.08111286181056787;;0.1822453908516336;-1.057205179155257;-0.6271224006417904;;0.8387841006855034;2.2166089558389337;0.4491416381799107;0.5285237989992415;-0.8586320662845234;0.12701258939267526;-0.9386446070013966;2.9711254062092487;-0.9006806838078804;-0.5689490062388828;;-0.9085797084113435;;-1.1518893593149262;-0.8110875569325732;;-0.17236883490502686;0.6834558603521743;-0.033081983299488416;-0.6565250751731083;0.3160130743178875;0.3160130743178875;0.365712552684014;;3.4417641619132766;0.3311587172270623;-0.32060713383410333;;;0.168729110819788;0.6188648755219226;-0.9614829689187566;0.6751153469617607;-0.683005032623004;-0.004997569168901767;1.588248506425999;-1.125159641915221;0.24324432097902732;-0.24535681227897796;-0.25828741533390653;-0.0931384828699648;-0.6345674236186807;1.3684255283463582;;-0.7314255514942801;;0.2400390353115118;0.9216841112940197
2011;-0.8279508929146133;0.696478917003156;;0.26409469831923293;-0.766680208897495;-0.07064425629794814;-0.2510072868807565;-0.4667620111123035;0.5034306949487195;-1.0436202878802703;-0.6393612526371081;;0.05635032123208989;-0.31279972774859893;;-0.015879229367376266;-0.9272845290898516;-1.4635241764126867;1.354108009623621;-0.4414732860518236;-0.22969441944614466;0.323035723330419;-0.12226712422165498;1.165886298683931;;0.10554118373616726;0.18339673008574245;-0.3078317036910565;0.9806289611350307;-0.5844246481345291;-0.9295225631198959;0.14731450326341955;-0.6813401322877382;-0.24898655259813993;-1.0809251423883655;0.11003581884518569;0.879052102247238;-0.36057918374053355;0.6206700257597493;;1.138542990280952;0.3433025968228171;-0.29064123027356487;-0.6120515388560194;-0.999938931702956;-0.6667517649644835;1.1128039104188825;0.6994581186109443;-0.5195023239042122;-0.24211864578623293;;;0.17377835797263277;2.615861543209763;-1.0676830580286027;-1.5470328403147227;;0.7069751510462454;0.509626377000372;-0.20187776914188285;0.3896090327419838;-0.9257958458708573;-0.8833533969670367;2.668028707016801;-0.48630531179424435;0.745841074829147;-0.14950864917193726;-0.6714689492655036;;-0.8928759111629738;0.6020021656251807;-0.8117592872348387;;0.17899589566740592;-0.6069680011252273;0.20939123237743895;-1.0942080050704979;0.05794719115245844;-0.9801945688844231;-0.1988475827780264;-0.030605919035476593;-0.4308150141086055;0.12333641180759884;-0.1984064577443304;0.9059654411566844;;0.5896273750403047;-0.07491695952306145;-1.116074713256857;0.12224073034259392;-0.713803251423999;;;;-0.7443122353124193;-1.0001831897816096;-0.5456202758254142;-0.11771596092208295;;0.7743274418155165;;-0.006678389102204832;1.3825694745753856;0.38467033074263973;-0.15052479464504023;-0.6966449268550112;0.23560215660145548;0.7127667224656852;;-0.611844951625259;-1.2052283711138303;-0.3253242645723365;-0.047619218739950335;-0.9188643803013359;;-0.8874224259549858;-0.42294995913635486;0.741392010858002;0.03161093397055514;-0.6909391335725219;;0.416238276315171;0.03851513461932684;-1.1413556567954224;0.11462473869558344;-1.5470328403147227;-0.4033350645419811;;;-0.8243621738233711;-1.2107438524017347;;;0.8450766276565;-0.5232406619678155;0.5973161269821109;-0.8133260319703248;-0.014470206647192894;0.13726882512800698;-0.5070892232321039;-0.4838038470941941;0.878404575817949;;;;-0.6745221245173068;-0.5465061930169725;0.39242898404111637;-0.2324951915396048;1.5038870013527394;-1.5470328403147227;-1.0589805264964756;0.14977325649815335;;-1.050690711797358;-0.8881794343067478;-0.6820881479753568;-0.5878366812675447;-1.0231053678599558;0.35845230626166186;-0.6279801074417238;;0.26079295337005576;0.20425908753984953;2.5197613001227492;-0.13709507180240524;-0.317885635510392;-0.7692819419830361;1.0869273715008956;-1.234037823239593;0.9420219430231062;1.7086223927756066;-1.183284650512454;;-0.3612168526399245;0.8237432265055696;;;;2.0718394367927466;1.311309046921843;0.22560288174578097;0.9321571654638408;;-1.4535022371219253;0.47450927427164846;-0.44515040346502455;-1.3184956857781436;1.6990872839612028;2.822598877702014;-0.7952738616772641;-1.089556971708961;-0.3790902215912442;0.1683297421535505;3.9861909123852755;0.801167930057731;;;;-1.1762620563244892;0.3345697447666915;;0.5473581016566532;;-0.7471873417319159;0.9792261977765727;-0.16208761726161033;;-1.040025150379524;3.9861909123852755;0.21260270305316004;;0.4008507423182956;-1.0021103348865232;-0.37860457968407435;;0.8532701978002832;3.435682281512765;0.11899436641441508;1.3853539466176361;-1.0658089179454673;0.13998889412573895;-0.6213012227499207;-1.268766291821334;-0.9797376506017731;-0.8155153642189263;;-0.7798111914134459;;-0.9303109586427584;-0.7224956730679777;;0.38694152283614724;0.6015495383020998;-0.08962579519645142;-0.5309846097809207;0.7911570804828981;0.7911570804828981;-0.19096756197373346;;3.9861909123852755;0.2566218885208209;0.012143801504352509;;;0.019532991902455346;0.6878251867591617;-0.895037146465549;0.3401041537524875;-0.3297075639730306;0.5214258134954118;1.7945742257267852;-1.006652495779846;-0.128514007608576;0.06815317225713667;;-0.14778025846906118;-0.65450838704247;0.9705285865247735;;-0.8523622517715488;;0.07258467137164244;0.24542017361198562
2012;-0.8050765309419877;0.6857283506838592;;0.1805325802979251;-0.8988174890707105;-1.1057955334917455;-0.5395524087049328;-0.6156078636784077;0.009362420085841148;-0.6464544696959558;-0.618757840693526;;0.0993361423341411;0.02799102524734141;;-0.7680546149067374;-1.1440972544091677;-1.450931453334009;0.49300029530713635;-0.36072709862753;-0.11575675337400955;0.6730038809574365;-0.24081022148320394;0.8953140469517623;;0.5068168088255655;0.3638745690376941;-0.3113984702189147;1.064086584712224;-0.581032223033299;-0.932431619945545;0.6252587962481516;-1.0136039716809584;0.3557330015333774;-1.020517862584516;0.09239133916246217;1.6195131330694232;-0.26793973380671493;0.8905669975967546;;0.9065774502684448;0.055803680565453685;-1.2532611626284658;-0.5465922210003968;-0.8345112317173968;-0.8266151668036684;1.5967517509302127;0.8394437549684037;-0.2487012713121857;-0.27408888468007275;;;0.21633824067278143;1.6483103816478417;-1.0533710440414028;-1.5903227991955229;;1.17481059550311;0.1092546996847695;-0.0879938134322924;-0.11067419293424131;-0.8542080527696863;-0.8307692390938823;1.8893747766017919;-0.7356005469809408;0.8055811875105963;-0.71347545411358;-0.5616792404524;-0.9525040644726643;-0.7241613901300917;0.7280803074321293;-0.8173413225998225;;0.5434973795128165;-0.3015527512398215;0.15944421146036156;-1.0313638384408814;0.012535127363269461;-1.0526334225340153;0.19673623795937892;0.36123465198443544;-0.36559564390443366;-0.14585756741172395;-0.2128208802274899;0.5321256815792761;;0.3026917288001053;-0.7420909821048705;-1.1199658927715415;0.05544539524896162;-0.6944231321666761;;;;-0.5403160564270413;-0.9297207439477618;-0.44830652490202316;0.2947491578676548;;0.7163732244146734;;-0.21999290099811375;;-0.03196055616638353;-0.2152634673140465;-0.5033028794233259;0.41480573512115637;0.008589944114027722;;-0.8786045667255895;-1.117148689989321;-0.3681480165058972;0.030988582398922986;-0.38932658519305985;;-1.0136435751671078;-0.15420996021443187;0.6209735031352613;-0.4563800293389631;-0.4063685824298373;;0.39035537814049487;0.07840014556703967;-1.1331855455559225;-0.1995358525709875;-1.439457803837528;-0.23881387565819318;;;1.564895479412811;-1.2073917982799411;;-0.699803125151199;2.1006030643224194;-0.8587562799957954;1.9416118907554927;0.1849794810563987;0.26437037823466303;0.27982715141708076;-0.6929064964682544;-0.4554426809559906;0.38325383711826455;;;;-0.780685460552899;0.015956131791098966;2.044756515748318;-0.31926576707439136;1.8963864754578297;;-1.1139097113091392;0.15927682199716847;;-1.0772200640319987;-0.8771567021262001;;-0.7973580853381917;-0.7082554910998483;0.6517302442517116;-0.6290740627214454;;-0.4498087911864248;1.2810505800495287;2.4279094599301514;0.07007077553188398;-0.22847714770736044;-0.8465339781563664;1.0108405280870398;-1.2306782345201863;0.8577040796112086;1.36636286556729;-1.021560871405426;;-0.11718817662017772;1.5969307303353482;;;;;1.3646678065919648;0.2504751464272332;-0.4153864350824363;;-1.5903227991955229;1.2983486614198578;-0.5375338905438208;-1.2975591936262931;1.605226888437652;0.04361187627325787;-0.7166650165322084;-1.1328101037399925;-0.9034311075337799;0.16189678475184754;3.5678676753923426;0.36372952261094416;;0.40850462884912014;;-1.2230363553010803;-0.09455995869678485;;-0.05083725583862262;;-0.7789516430263541;1.1617479079821245;-0.007716055901648399;;-1.0612605982660233;3.5678676753923426;0.2428240019709078;;0.1593342450709389;-0.7953807950995333;-0.6045409497832103;;1.0013238175307106;2.224660359029999;0.11134701291731645;2.7020875974267975;-1.0951040091873459;-0.510581296126045;-0.3901946622635326;-1.4439149225677574;-1.0293609747179469;;;-0.7985797781924837;;-0.8776866027803722;-0.7780621861797932;;0.7404563738025902;0.3407237773336326;0.2753790565508908;-0.3493630645760009;0.11484477718243051;0.1148792846470643;;;3.5678676753923426;1.0961984975979684;0.21111651620785285;;;0.2231631196011139;0.9208155724260514;-0.7465614896858136;0.6317738208447569;-0.33289058784139847;0.15603569343799706;2.8095114829954175;-0.9885848756599459;-0.0359768350536392;0.25595152375823704;;-0.888534999638639;-0.4333442997666224;2.032407512231761;0.3741325490133886;-0.7764266260082832;;-0.05254318836757803;0.3336088881735868
2013;-0.7956227510853495;1.4357014363529754;;0.23497446021071985;-0.9979935922303134;-1.2328140013164248;-0.7225952290943254;-0.41992468510946723;-0.2860746785188323;-0.45696297505566147;-0.029735452016739636;;0.5452964591331738;0.18271518728185954;;-0.672026405312351;-1.0674465394742578;-1.206483752531469;-0.11791384243298537;-0.4211188667921528;-0.4832907911931583;-0.6815996849219764;-0.3993489204262059;0.3915321661978931;;1.1739328426406077;0.8583190684583449;0.14557883271502262;1.177624237082197;-0.26765856450442393;-0.6830715634451279;1.3164201338969732;-1.2651328294373843;1.2617408897427456;-1.0227079567347186;0.14043495266982997;0.6516573860954332;0.19350167220128067;1.2808468453991724;;0.6139700501074062;0.7576053680695627;-0.9857573411827342;-0.6252640302223599;-0.8482799409157167;-1.0198721948947507;2.2934232998022783;0.6559489602744389;-0.1954792862454;-0.1037215245466685;;-0.5116033886743128;-0.1322489582223444;2.7159757372014575;-0.9252809735387957;-1.4779907089062037;;1.053523979789404;-0.3832371710323145;-0.41638553034513665;-0.655442965074659;-0.8093987136307262;-0.9786448151965712;0.8827245780096201;-0.7225843514898963;0.48637671755049094;-0.7454437367371451;-0.4653375800541168;-0.8386928122740213;-0.5344750888596276;0.9314089834383565;-0.93640439296596;;1.1622563440500455;0.6191539314278085;-0.2612667705754885;-0.9117150594598209;0.01905408575242851;-1.0836132227847908;0.9562928167699748;-0.730039170115978;-0.2527378617557401;-0.1541722842142137;-0.41049978433761747;0.5624911853820481;;-0.08268626229242172;-0.5184874692490792;-1.0761398005477327;-0.6872989287191037;-0.8272534089142554;;;;-0.7843056763701503;-0.02438625699983717;0.09603202285160278;0.04808819799187422;;0.4232652604232728;;-0.031208476308114297;0.7473042553359183;0.049116944663241485;-0.07334638425594119;-0.3240470325380567;1.3424334084389147;-0.4172125976684967;;-1.0007994011384922;-0.823542657185367;-0.5242338474977077;0.166128034463586;1.3871728005074395;;-0.8374537995729012;-0.3504555121594486;0.8289110383576558;-0.5559290008513147;-0.6772271164228002;;-0.31412889738678434;-0.22735671007328678;-1.0433496799576467;-0.46299102916243823;-1.4779907089062037;-0.1403948828968537;;;-0.09894515632178015;-1.1408476885699481;;-0.9641887002764133;1.6169957137291469;-0.7293862014162695;0.22458590562224817;-0.07794216892307;-0.45780263719034897;0.08384222480441922;-0.7259096560749372;-0.30208322995655745;0.5304839257792247;;;;-0.4495846044135463;-0.01635985624141123;-0.5267718577996806;-0.18152809794386696;1.4754480103897856;;-1.1456221855740623;0.6770092523930277;;-0.9802858453104688;-0.811729316675783;;-1.1366434568468522;-0.9263378004730882;0.11243185539994617;-0.6495327712004834;;-0.49333351694724753;1.1887162838699488;1.1477054823490564;0.05860729472308199;-0.04044355917242124;-1.0122467997009885;0.9832118296617507;-1.1224223439423284;1.2414376113336596;2.495868169300103;-0.55891977224269;;-0.24639383368316464;1.4839045514939455;;;;;1.2500272904929326;0.7508109255513287;-0.07390855739652441;;-0.41101334129750483;2.6679767975000934;-0.6117503055055752;-1.2162795357597123;2.070580458610218;-0.441166029318123;-0.5489899877686961;-1.0666710333951064;-0.9439528571588327;-0.09671054963523193;4.190983717930954;-0.09701388671463088;;0.7038578088181613;;-1.1286795095367204;0.24431593458062736;;-0.16691750228456068;;-0.8824042451261461;1.1756574453278492;;;-0.9862426612889849;2.7462491982458666;0.571415396484064;;0.07056514041075242;-0.9214467584807672;-0.4695770890696244;;;1.2614027401395955;0.5087991625648447;0.6164505037988512;-0.9191744948888714;-0.4448538553268938;-0.5515901588813095;-1.4779907089062037;-0.8897845571592459;;;-0.8366121341819728;;-0.9794549893369524;-0.8185092578265301;;0.17084506080412257;0.4173804594932806;0.6680938448106041;-0.8305572492271097;0.06300396624649747;0.06300396624649747;;;4.190983717930954;1.6044970052321519;-0.0008139969682441413;;;0.3139952388855893;;-0.8919832052717184;0.5566433109164566;0.1819480376158235;-0.04918935146437352;1.6438581626333386;-0.9846663034051056;0.21093737689129605;-0.06438425151192001;;0.11291871764256704;-0.1806917006016247;1.5344930373856032;0.7280430149464339;-0.590817036667357;;5.7384825432734484e-05;0.6761804045054759
2014;-0.695563814307294;0.788666238071939;;;-1.0567731599856804;-1.1497823750987186;-0.6049791461274581;-0.34322151689705105;;-0.544389874003305;0.03908744184932998;;0.3672304487733539;0.22843027483698458;;-0.8295336936917631;-1.0084401325780323;-1.2346512660141933;0.2229905648411676;-0.6711857847732408;-0.47546552957383387;-0.6018199756790735;-0.33535235267242147;0.38344314870454904;;1.7237190315398645;0.644321153579613;0.03887662276139396;1.473414659257081;-0.12006425305786088;-0.7876883234867756;1.616310500561938;-1.2298203091984532;1.866615581030379;-0.9162808971355253;0.1992800279057831;0.5688330767933379;0.531567785280553;0.8384798467069239;;0.021489653080211085;1.0555330966303111;-0.8643939492879281;-0.4608003651046585;-0.9048877013713268;-0.9978513943213263;3.779132323878129;-0.10616760071889753;-0.391134847683877;-0.24725428320928167;;-0.3654091893594286;-0.19361034911581412;1.4322917569143079;-0.9028549842969813;-1.6560787496067666;;0.9902936324509395;-0.41004914587073765;-0.5939944707799603;-0.7306041566537002;-0.756156858460371;-1.174309423800372;1.1543783239126062;-0.7110240547838076;0.7532943070392444;-0.6360652613090622;-0.6030401494022972;-0.7826598889290999;-0.6612174089149656;0.6369228851020601;-0.5213294379700616;;0.6008497259546373;0.46808067802220443;-0.07680819326362572;-0.7509234734782481;-0.18354239879267076;-1.0902497158083537;0.33001862427599993;-0.5693781846071089;-0.48634829695190784;-0.34317415632632364;-0.5909794957893408;0.6024279303801945;;-0.08266874196506356;-0.599921189824244;-1.0846249478101333;-0.5566400558684889;-0.9470400778007199;0.635205395989996;;;-0.9787822192554287;-0.1024941124863412;0.06288950111277541;0.5001992465986344;;0.5339083950666852;0.592813674565446;0.004872877976025452;0.42735194656789843;0.09092030981154756;0.055057279239525914;-0.517848891243943;1.3517185715781765;-0.22961220540863234;;-0.872912913428033;;-0.4851989241658494;0.1168221717490176;;;-0.8643215044849739;-0.32945239614868216;0.6422628709027539;-0.5986178600418028;-0.2999245994894369;;-0.29392993250888466;-0.12711885423124653;-1.0549396889490168;-0.09973401189323244;-1.6560787496067666;0.002840615066405808;;0.40786316328353334;-1.0054165167824622;-1.11843204566951;;-0.9661652008720215;1.398532138734822;-0.9178245916712988;0.38578576225226924;-0.7102735434628269;-0.6451829664984892;0.3614958682361122;-0.3254720734621936;-0.22862000679716996;0.5297086451509678;;;;-1.0815584907799254;0.1085946787414486;-0.1907102416227131;-0.09054964371723402;1.1828680282940631;;-1.1626774137561608;0.5389108429723358;-0.7638557448375929;-1.0564137563904883;-0.7629807315727702;;-1.1225123749841766;;-0.07155913166933427;-0.7359315129284605;;-0.35422328624686805;2.1179199763957333;0.9704802023490982;0.042950322852052074;-0.00718122859338001;-0.9078795029459233;0.9186323311120491;-1.0650204922916064;1.7678003832255245;0.9637050357355277;-0.13286861363635316;;0.04080884746963235;0.3401250716252247;;;;;1.28436341409656;0.5239268086183041;;;-0.2432662804820335;3.1191462709664557;-0.2289258608469863;-1.1801577871613493;1.8648690085843307;-1.265481336570476;-0.6568869355778203;-0.9990476201994889;-0.8867632294260389;-0.25129558756950293;3.779132323878129;;;0.5077821416412647;-0.18645496913034995;-1.059890493915586;-0.11159141732373719;;-0.21770221135690768;;-0.7352138225501209;1.1572405682003628;;;-0.958807573875599;1.9049013136527728;0.5897796900811996;;0.37811929983135323;-0.9834456282427858;-0.0507884701593745;;;0.9163424728166014;0.4667312816991622;0.6616056301731296;-0.9579879079761917;-0.556353797708945;-0.2184573803477183;-1.3190963674260656;-0.7671404487336476;;;-0.7954288716381878;;-1.0642888968653303;-0.5038645900460567;3.779132323878129;0.10355670174025752;2.5958208805551317;0.39215854905232506;-0.8936093396030353;0.2338855633925957;0.21775794356182065;;;3.64765349691333;1.590133239610777;-0.07586842317820011;;;0.5802469299972445;;-0.7048843869362655;0.8615757072160825;-0.3530988541417728;-0.03469000630284401;2.025452603727516;-0.9089612496554209;0.17203831769012629;0.15878527664134726;;-0.8998552507281119;-0.06386780132164281;1.6120015763681073;0.7347724961022758;-0.5484731675378102;;-0.08208052360611388;2.051961573450392
2015;-0.5408086491833493;0.27118354695773517;;;-1.0138117143827208;-1.0763996674836327;-0.6408587841779703;-0.21582416400227175;;-0.3361557495670643;-0.1599929284816564;;0.42548917384013984;-0.1340387964341026;;-0.6254991673135986;-0.9608018730470903;-1.1598519066243416;0.17548254484141115;0.15846631455191526;-0.8182014495137964;-0.6213014738892357;-0.3128393224501301;0.4464394834886825;;0.6545876328513074;0.574753534726543;-0.11003711260509305;0.977535820501432;-0.17039337886826914;-0.648709354252238;1.6747720984805743;-1.1420114038368974;-0.34854746081897875;-0.78646875063768;-0.13872559081245558;0.3499274377484967;0.48743028678233563;0.6754293621362816;;-0.15651284171352894;;-0.7943158518946649;-0.33866289566355057;-0.7162671177865123;-0.9140900239167175;0.7611831021545865;0.06613031115155588;-0.20286183737788854;-0.17681009950134968;-0.8982751665733265;-0.4193727497005581;-0.2694433442382563;0.7850541120929987;-0.8251668727409334;-1.1598519066243416;;0.21578628299149882;-0.4978601193982901;-0.49468199856386885;-0.6773770094415329;-0.5881364799362089;-0.8425641072237503;2.4619664295976595;-0.7120853523454247;0.6127517790891222;-0.6440028075356781;-0.5458683450110441;-0.5448116522046652;-0.846086025037384;0.8061307848283273;-0.33831484688576613;;-0.14372698156240804;0.26794488762918756;0.008930553269745694;-0.6533828417014431;-0.31553631120299963;-0.9540061818298705;0.5189741640748436;-0.4099963754846719;-0.26714633542837984;-0.3553386356253687;-0.6964212868356322;0.5273854329225827;;0.03922154666359418;-0.827008476798974;-0.9660312178644246;-0.5061875025759139;-0.8205487068645665;0.5202006318495589;;;-0.8222096625659365;-0.2554686009719173;0.1749054630750052;-0.020557463560414994;;0.1688213956431025;0.46662246868431484;-0.019535682460473564;0.14964017435287677;0.5807914043285349;0.05624777711950787;-0.4631187616931358;1.3108176926540618;-0.06827025487932604;;-0.7798368410290877;;-0.6829095285713955;0.008794424213421814;;;-0.7838441483225053;-0.3787890138568841;0.3146951810510604;-0.7700923849576866;0.29584955663836604;;-0.49504542655721934;-0.2477572648291151;-0.9483466562156923;-0.3471752374792894;-1.1372799089405512;0.22716804801744378;;0.24972330329699316;-1.0672268788178227;-0.9948226742456395;;-0.8612209451046987;1.553862161531947;-0.9736564606473996;;-0.5740985199375586;-0.741453395240706;0.46720655029139724;0.08954484655990937;-0.2050175169720639;0.6762309376501496;;;;-0.9623397390136605;0.1058475692045268;0.12923513965594946;-0.4590536486014056;1.4812590643892733;;-1.1598519066243416;0.37612023193716;-0.7903655126517728;-0.949081594293198;-0.7062906590298145;;-0.962343873106745;;0.40844868913637916;-0.5305832561406246;;-0.29791881214933513;3.4918720274989226;1.8060616718092353;-0.05479963164397948;-0.06711200866150926;-0.758730885907411;1.0560319213306768;-0.947735519638559;0.8644281749233075;1.4917964758353817;-0.6075667591828606;;-0.0918336024737966;-0.7660119067256819;0.9979444076436925;;;;0.9189607034741006;0.4606594886895526;;;-0.24503622524637617;3.937151529259569;-0.28019695686180457;-1.0151025428775944;1.6489612811898282;-0.8449512302199108;-0.437936035519501;-0.9511794422291178;-0.06069846772455226;-0.2920502274237971;4.236865996142759;;;0.5672296233915942;-0.012982970813988769;-0.94374690455564;-0.09361500352454853;;-0.42689482648168625;;-0.6992288067431348;0.7602016054632634;;;-0.8190871032151164;1.5664317573836768;0.586092826036338;;0.866263809677311;-0.9521048759534717;0.007789469734702709;-0.42077263814251176;;0.6658678469131678;0.3716031234469663;1.7156384945618048;-0.8252421141733566;;0.04030166450475026;-0.7821002760700119;-0.7696002422768697;;;-0.766011669267573;;-0.9801053225279628;-0.17156360839464824;4.236865996142759;1.3577803775624528;4.236865996142759;0.1687516635526435;-0.8742092783237299;;0.11545632758716912;;;4.030391868879261;0.7104922347794039;-0.22015189173920988;;;0.4351832403025024;;-0.8535159060864541;1.0352927425762706;-0.11615411192266915;-0.2368210205494819;1.995620854976265;-0.8941186120259516;0.2405730808776912;-0.048964366870429;;-0.8113338466264556;-0.11838920587064453;-0.5426454508178878;0.5587860428706488;-0.4832962093538056;;0.09623469539571872;3.1109387102511867
2016;-0.6699735832240455;;;;-1.124173703748261;-1.2148162409936003;-0.5662914456873355;0.23367750815427812;;-0.623821456618381;-0.6445080889590226;;0.40036074019775414;-0.23349972764042023;;-0.5203508041541896;-1.0345916691293569;-1.2091242107298217;-0.01442620624810144;0.7681129486046007;-0.9683477605978617;-0.6355210823236321;-0.6704507827242997;0.6430812367878775;;0.8284061842823988;0.7560289081592225;-0.06664408092838019;0.95281223951469;0.030113019512186458;-0.7007877411992851;2.097454350471941;-1.2982809194649443;-0.2356222057499436;-0.8659820146547351;-0.28230971848265196;0.1863606538261198;0.7580499880098411;0.6240353435387261;;-0.4669320558925591;;-0.8833367154485333;-0.35095422375254526;-0.6353846727105777;-1.003471020073587;1.2118436562824575;-0.04941783469624316;-0.22834637923155496;-0.08072270753445059;-0.9624171111589457;-0.4687019406702563;-0.39504442177198;;-0.7592674931744889;-1.2982809194649443;;0.17006048781118266;-0.41816273775783924;-0.5552849841532846;-0.80652721263174;-0.3677028936981427;-0.8790156797155909;1.741157419888236;-0.7680386582683657;1.35645700413278;-0.5878649094800288;-0.4306533238435817;-0.5529346516355024;-0.9406773221327841;0.4329101104702367;-0.3876861199668267;;-0.1183762282193588;0.6402546324885303;1.1154410557751337;-0.5789893830301668;-0.47772340761497906;-1.0150231105873864;0.6253796961624857;-0.112181877293244;-0.3421635702369677;-0.4988688346574794;-0.7116601686931581;0.5558810666288345;;0.6391051375869357;-0.8587639487038247;-1.0287351127592865;-0.594173011540926;-0.8721839831333547;0.38991891070461426;;;-0.9431886474078711;0.04370679238383418;0.2818005268898719;-0.2825070611448138;;0.3441348190265338;0.40193662948233205;0.6102073639616897;-1.0950197613449781;0.556369775224441;-0.10317495847493173;-0.20109953069923647;1.5481245711611529;-0.3539772570349441;;-0.8603611396189764;;-0.7686770131864828;-0.12082410981772611;;0.20603837975821668;-0.8349511085030888;-0.21107196742945472;0.43307330031291186;-0.8510817192698936;0.5999368570794147;;-0.6117316069269889;-0.29312866619326416;-0.9808076799685731;;-0.537250773917541;0.07899058571027517;;0.24096285701428816;-1.2982809194649443;-1.0596015711666578;;0.1205853679977805;1.5177242714469523;-0.6521387221374728;;-0.6787717951815738;-0.7565144025795938;-0.5534697938439475;0.47738312132423233;-0.17012298479761778;0.7605269950962378;;;;-1.002987337806351;-0.07959932012251081;1.1909678136721167;;1.6631862878991401;;-0.8442487292956814;0.37643780094003415;-0.7352276113895403;-1.146662003341701;-0.6953848076165648;;-0.9147621195678974;;1.0941661768787976;-0.41103701003124166;;-0.21815011080710411;0.45838497161476854;2.89131157819988;-0.10495692660665971;-0.19459133309177304;-0.8537163831472538;1.3646077346399683;-1.0044020463939476;1.073426084924908;1.1101614895694243;0.03928322046274319;;-0.005001837139584253;-0.8822103867478504;0.9447268034398723;;;;1.327984378477377;0.5744464898455871;;;-0.515360709835512;;-0.1490419930081474;-1.0064273904000653;1.1791002310869352;-0.8122406859268081;-0.6551467482007188;-0.963422705300322;-0.25157239062668096;-0.47793078941572886;4.46598164739034;;;0.6751654070592813;-0.11339335006545491;-1.0199386392465342;-0.592930049961732;;-0.4466352005489192;;-0.789478412439326;0.7508820811366692;;;-0.7918427994559794;1.8359040240164681;0.595488571387876;;0.75673014811808;-1.037871786373611;-0.4000961988359826;-0.522689443531057;;0.8142037620402979;0.40648864719676;0.8628784331572901;-0.7136966943506919;;0.2582654840567093;;-0.819765126951733;;;-0.7327922718020221;;-1.075174480303861;-0.003782883394743194;4.46598164739034;1.29744832300292;3.9641150330019195;0.5085892077782054;-0.8229039998952857;;0.4754926073151027;;;4.46598164739034;1.2743969628236345;-0.4339524959406926;0.5448219691173566;-0.8540993804969617;0.38965866678806255;;-0.6953088361410242;0.9648282549182681;0.3257715406931892;-0.2577197940818116;1.4916218733461488;-0.9087462180001681;0.2789252011218364;-0.45981557993215616;;-0.942664782292907;0.2222482706066115;1.5196332986877603;0.5336219412237131;-0.5077534695242687;;0.05232577535927238;3.0022931095090346
2017;-0.6688998877173036;;;;;-1.1046752283515522;-0.5080865686147762;0.17212161270183207;;-0.4859173759533247;-0.4107085280694512;;0.4712465566109448;-0.3335958291841644;;-0.9216534930209952;-1.0142322277660054;-1.4525078427602844;0.38101514005214127;0.662690563253308;-1.0072169143796694;-0.4487784782312075;-0.8301763371411615;0.5965623648086575;;1.0175121934226998;1.1493973723780992;-0.08017689982974095;1.0530632852102575;-0.08566279839388462;-0.6083117661020072;2.586681536265004;-1.2953163550059452;-0.1043667825478903;-0.8732326403884149;-0.2656303230051017;-0.09023759562805715;1.139618023259248;0.6042435086218012;;-0.6550166450546987;;-0.8891634355893324;-0.4924758338498445;-0.5019383803844967;-0.9358591227194641;1.012731601530626;-0.33771835173475745;-0.08182816605026337;-0.25289659062904746;-1.0138574774421418;-0.49149168972269175;-0.44669529157230853;;-0.6897607472444336;-1.4525078427602844;;-0.3992468936101156;-0.5690574874160831;-0.5763762414261698;-0.8410929044436867;-0.44069949232614436;-0.6868580096305256;1.2918592601793013;-0.7346402543220274;0.7233295199343576;-0.6239460258411309;-0.5080716291298654;-0.6163053000727112;-1.0921195388596259;-0.41896054595202564;-0.37818203986398624;;0.6415871627684094;0.36319545602496306;-0.036930982131536845;-0.5413514914349454;-0.40576296588391103;-0.9899309198438543;0.8063740133046593;0.6840185974556224;-0.20825764214285647;-0.4811525718470772;-0.6701786360194366;0.7949808769715027;-0.4839456096823554;0.358696865559826;;-0.9562517495377473;-0.6864050734955534;-0.8471237561188688;0.17248645501706567;;;-0.8734053871777882;0.2776001378782598;0.4019635824511179;-0.34532506653704936;;0.649313796583919;0.393157387596575;0.9287075162713;-1.3267696214077125;0.5253216764374818;0.024029931851756923;0.004278390253825578;1.754464675690444;-0.12547808546609845;;-0.9144401064967935;;-0.7588442862709291;0.0970948952285897;;0.24658621887524415;-0.6647371373818376;-0.2831696615705097;0.26113289837353076;-0.8369660724727127;0.568017764250231;;-0.64394392269187;0.24453020587810992;-0.9651560599666118;;0.33345161589495986;-0.04445103795951308;;0.3270422964361332;-1.2617491781304466;-1.0207487055666273;;-0.33446502088400426;1.3078073637404268;;;-0.8563677623745752;-0.5471086112107517;;0.8781441490275341;-0.15496122149317942;-0.009251903749523964;;;;-0.43503414084729103;-0.06699648236196205;-0.2965569014616768;;1.4259880237813582;;-0.6336764789363276;0.5343310874353707;-0.7652764480082904;-0.7308754535931182;-0.7061426591828697;;-0.4170560746989505;;;-0.4255032534668191;-0.5062241247523795;-0.47724181278985844;0.832500603446627;0.7274536145586973;0.14182887972186806;0.05682956236810864;-0.8492884379498872;1.5558836380782994;-0.9699189052072561;;0.7361711663087083;0.19020049618776666;;-0.11390573943143899;-0.8409270998498162;1.1584938663050095;-0.8169214073339645;;;1.2373657213552731;0.7179015985946733;;;0.9253409877326462;;-0.33164493322264804;-0.9383823703173965;1.8718569863056773;-0.9033101826186332;-0.6447693622442262;-0.926270617253559;-0.21453236307873583;-0.317059252209714;4.484768562166427;;;0.8386173479293946;-0.676101390166447;-0.9903782852859782;-0.32107218543530813;;-0.5621068559463711;;-0.84375412244739;0.9455840502645949;;;-0.7223665702064906;1.7543673027807474;0.47379671748009283;;0.46313192919893786;-0.993875389901305;-0.34587297080187573;-0.4279419697681033;;0.7684797037726749;0.3142112904357016;0.9213115506442352;-0.6148016010120069;;-0.09248423743180124;;-0.8157453633936396;;;-0.7209326396284002;;-1.1064797982152896;-0.10789743435693422;4.484768562166427;0.3755201337371359;4.484768562166427;1.211828356326202;-0.7000086757086308;;0.3639650337927345;;;4.076536117604416;1.4901369103916113;-0.20956708898908605;0.5232042906934019;-0.9317654600767733;0.683612717265027;;-0.42231162095180386;0.9064880516732747;-0.39083287567050085;-0.2259754638834786;1.312488333418699;-0.8382282862762102;0.35934137575579245;-1.4525078427602844;;-0.9385694497715209;0.13596091202538443;2.2115602647185018;0.5775255951454318;-0.43667724209750003;-0.4566387082619829;0.13741202961218674;3.4745901229460046
2018;-0.52345363715545;;;;;0.00991830182194554;-0.19835710938832632;0.3664754735196157;;-0.5242539071427064;-0.5260236339733144;;0.43128625025021244;-0.2053738243769196;;0.1650613963682334;-0.9385468590389775;-4.179414640422807;0.9148408188455516;1.4874140492252748;-0.8154242731163158;0.1728762269146946;-0.6830763160389388;0.6293773860274039;;0.4160487277932578;1.186745781878571;-0.1691788278916956;0.5668612636410617;-0.30704851012922124;-0.69846710468317;2.19945872697827;-1.3638575813201743;-0.10918526834240734;-0.7965976649873344;0.031496964295167434;0.14922131630303587;0.7235899751787722;0.6396507091941869;;-0.24348014603494134;;-0.6161248991859252;-0.1877784799666487;-0.4513064696312824;-0.7831456392522933;0.5965020644227985;-0.1459258059708748;0.07385572767382181;-0.3718932944386265;-1.0271172417972838;-0.38597570760747674;0.17272890705362262;;-0.6736061344397121;-4.179414640422807;;0.006541573531801866;-0.31229882100130535;-0.1117085895067343;-0.5579900544279869;-0.5044909557667405;-0.46756826063575385;0.2773691733465301;-0.528261313715159;1.5827059658961438;-0.44559048672344226;-0.5608150759087441;-0.4496673798780529;-1.0017846942708588;-0.4344993602859619;-0.0476219198257265;;-0.18059068248374108;0.534539717107897;0.5433074933555714;-0.34711199767414347;-0.3639344021355397;-0.8517729306183628;0.2762285329006856;0.7431499716125327;0.364249480025942;-0.28720163975997864;-0.65193310623494;0.6284449201051944;-0.3669257021689128;1.2612691986649702;;-0.8890025312576906;-0.3794363505505916;-0.8046509410433946;0.1928898297101214;;;;0.22946305446217902;0.1916346956618446;-0.5835629266855786;;0.3529794190125662;0.3168410189811874;0.1530316072779601;-1.7278807858880842;0.7755234921711778;-0.281939171949615;;1.41843702043543;0.4473844478224677;;-0.8196647483332519;;-0.710052319123816;0.09747460929433158;;0.15760642499938574;-0.5707930195125311;0.23052222508472442;0.19851602729631895;-0.7700976604799816;-0.783451758813161;;-0.42722159043859986;1.0835773119169858;-0.8442942834070617;;2.616276680021609;-0.3180517950930063;0.226182642343563;-0.02877063869666408;-0.9784625961381156;-1.0009593327789283;;0.23162782396127757;0.5106377269002066;;;-0.808984734431721;-0.5469435391804816;;0.8160897961056262;-0.1883798398342573;-0.3218529345012262;;-0.5373300627917448;;0.21834311380690555;-0.05145166320051921;0.6851866208595674;;1.411453928886969;;-0.3221139240145857;0.541901398544694;-0.7206542382181274;;-0.6953556527805461;;-0.06406119724614304;;;-0.4330095832918433;-0.6726057275980664;-0.20193228179127587;0.8506362558876878;0.06261419869475955;0.27319323885419966;-0.810982635344265;-0.7961551304453689;1.3625967835514305;-0.8924324302154103;;0.9516023971031914;0.2099820832523881;;0.011937209001621787;-0.6830388128914069;0.9483896385906279;-0.6454195078711974;;;1.0652731337943044;0.47345026934572954;;;2.1972134996394517;;0.1986954223627995;-0.8786510210609445;1.4324231982771956;-0.4470736156313849;-0.6452441169678415;-0.8088559489891796;0.2575213216748786;-0.08472046484731553;3.775945852135527;;-0.6799681784618802;0.7705427935199406;-0.40660305086689397;-0.933987138403629;-0.1344251152489449;;-0.5877003482794759;-0.02858249564439512;-0.9453200977773923;0.6348309950438927;;;-0.6859831145303393;1.6385620454099834;0.4197852404352728;;0.9561646958597021;-0.8956393040285283;-0.066587643028003;-0.46214529646319336;;0.4413398243599322;0.33172703041494006;1.4981805100530738;-0.5332061375556014;;-0.22114638866698505;;;;;-0.6429551105708414;;-1.0417893623859122;0.1684932592495777;3.775945852135527;0.37266039065291223;3.775945852135527;1.5570751076568872;-0.027268292792366363;;0.8367203725199883;;;2.9594899284634377;1.1356119158501727;0.11894220996509348;0.5488458478503514;-0.7351743459473961;0.39626807702897415;;-0.3608666227166072;0.6975012245873426;-0.2494322060381827;-0.07278587462016259;0.8513573474855745;-0.6912556123191544;0.2410394446865339;-4.179414640422807;;-0.7895263709805246;0.21657076014362736;1.3297755114765102;0.5796187949185476;-0.5086184541758951;-0.1001717158515269;0.029394165394176826;2.607936599631021
2019;-0.6645630044861538;;;;;-0.11627366931921287;-0.3783297800869528;0.620739717944664;;-0.5269288199061252;-0.7506256504763036;0.07642221786970452;0.20582636590073425;-0.46638749981605004;-0.19314309537633206;-0.13128039306833744;-0.9570263585381295;;0.5985544137562642;4.33112518671244;-0.8271872441008776;0.1144500470487815;-0.7595367011937788;0.3216376713541469;;;1.1425760640456752;-0.21156234002594973;0.6322478558726524;-0.29438554520236476;-0.7431112697231332;2.3735063952815723;-1.4225555685701705;-0.1290164569330481;-0.9187186144655783;0.22037030614664063;-0.07091920488184443;0.5631008283016142;0.6057875140893919;;-0.015886754418230082;;-0.7297262351598026;-0.4386423472500954;-0.35990526012653096;-0.7933446838719327;0.16340161715373955;-0.4883050155033057;-0.13296681148618983;-0.1962388928503472;-1.0947937832236687;-0.5155843828652997;;;-0.7202634745625417;-1.4225555685701705;;-0.3322144072821329;-0.512069568747608;-0.8188347038374466;-0.7610760533985025;-0.3253966444312117;-0.47007909892208205;0.462692521879102;-0.3331783848561296;1.2137111751968848;-0.7488395225348269;-0.3949544188678583;-0.23083056363725235;-0.9971655299502449;0.014884421136743799;-0.17290793667166401;;-0.12592354161910782;;0.4679761038909305;-0.430211345532021;-0.47353488776554004;-0.9212239003775373;0.07509810634765547;0.6172325148009286;0.6275011742351105;-0.3370575442710443;-0.6751259949894848;0.5830832098278491;-0.5389752571982458;2.299597741742863;;-0.9460494058977098;-0.5211776483780102;-0.8896027368383824;0.055138774955407505;;;;0.13217234087548643;0.327318875676544;-0.7528539618221662;;0.2528914157890263;0.21177114301290417;-0.37508108925005074;-0.6886926776875023;0.3630363318243202;-0.44617189034078497;;1.405327192406944;0.20940942076684482;;-0.9275803333208175;;-0.8273002196850154;-0.048342394249022605;;0.10624460583778576;-0.5325704668758944;-0.1407539628670004;-0.046068783790844885;-0.859581144252216;-1.416277023018499;-0.07067571690228579;-0.6532478733633309;0.8049797362061678;-0.9096990878268894;;1.2958952061536526;0.026600687346827138;0.5664352829294768;-0.6371922032489672;-1.2171050527079614;-0.9792315934405399;;0.7312811164827528;0.6165340838167815;;;-0.8036730192198648;-0.6902491924563585;;-0.9384909809759275;-0.052292474384253274;-0.6055277415676042;-0.9540977506271586;-0.3971880765102903;;0.35243748749245707;0.09084698708992575;0.05493793816892118;;1.4962335278302243;;-1.0584634620348148;0.25801715217622445;-0.8678779912029668;;-0.8179133726472565;;-0.5118178527582374;;;-0.672425382695717;-0.6624039696900883;-0.32444206248368573;1.7357668851458958;0.02231467155914887;0.09481032494129273;-0.8829435502024777;;1.590610770196473;-0.9452009150977472;;0.7550001976476632;0.13619548280944682;;-0.24170964570740694;-0.5833590300728614;0.6034320336815695;-0.6379157967983651;;;1.4250598900136195;0.12392616838516626;;;4.33112518671244;;0.16772576835752273;-0.9039077610252564;1.4083000878668122;-0.8243592077070553;-0.2859519209568627;-0.8683336757424353;0.14708736766497216;-0.4020281040073894;4.33112518671244;;-0.6857911744204601;0.5329827629196865;-0.5164715953758627;-0.9825656028477852;-0.11265507543724602;;-0.7264206715822253;-0.36936571147297115;-0.9050359239773209;0.875705380227692;;-0.8276284895859476;-0.7954606223557121;1.9285714018129643;0.47715373067102984;-0.8151923832329587;0.8391479461177687;-0.9573921724358927;-0.3794682461594811;-0.4457446268854043;;0.13515599162287065;-0.01887417000107685;0.08236100553057317;-0.5429324022458716;;-0.22710529105205993;;;;;-0.7640273353571085;;-1.0437644328675897;0.2805592112349414;3.940626694596464;0.27257285614506743;3.6811383853470128;2.038867395295238;-0.23009210841468974;;0.9197290761817893;;;3.4772068576431296;1.4260176642241567;-0.11082096187717179;0.33281352945562415;-0.9296590308678253;-0.04978525619645336;;-0.6189866228428738;0.623133957879076;0.0008440647997522846;-0.30664373449282306;0.7810245986711662;-0.713778258247456;0.21352565448487368;1.3923309222987887;;-0.7102442898957065;-0.10779642272316135;1.8121513376207785;0.18500196456663875;-0.5638311326258657;-0.3685287127581225;-0.24260072578385608;2.717923689411857
2020;-0.4774296108939811;;-0.8892706066037199;;;-0.4837451860731462;-0.384049304956437;0.31913478188840183;;-0.4009366647678987;-0.8402356569697567;-0.15364078601447034;0.025403812984300164;-0.4807720686646969;-0.4340449993716742;-0.06337510026942976;-0.6116584669470733;;0.20328025217213883;1.7874726354896437;-0.6122978844996736;-0.3310752757533315;-0.6818149547199291;0.2503126411259657;;;0.637821260445223;-0.310624779331437;0.6410102134339032;-0.2103072669831897;-0.5435931443403313;1.6989598870166336;-0.944672582914818;0.0068812476495139305;-0.6628872577030867;0.20314993388491134;-0.34249349210354824;0.2895925289951957;;;-0.15951369636377313;;-0.5239884525523788;-0.4195031095917492;-0.3229480564253896;-0.5809807739516767;0.3817623943223623;-0.39530604445777495;-0.10018746800959315;-0.10598646949455628;-0.7392409645847676;-0.390247788236191;;;-0.5410897830461514;-0.944672582914818;;-0.16759144009024798;-0.3864633296039761;-0.5857218718023737;-0.624275952950322;-0.124879432846308;-0.4018322485105943;0.3844262635667125;-0.37408515833600897;0.8937446899571402;-0.5935827514979682;-0.25348377213401296;-0.3433470889289434;-0.7049905468824014;-0.23879104867142883;-0.5722393771915684;;-0.04473723783306839;;0.28783480919245225;-0.3661785163323311;-0.5261946699751611;-0.68808591515763;0.1138543093636909;0.18042355958506137;0.37501713756242855;-0.25124010021526233;-0.46832208718540286;0.1599575251111669;-0.38954752185649255;0.7308201365711744;;-0.6695852127044525;-0.46313576828094716;-0.6651191577931698;0.08744539114033592;;;;0.0031431415406416854;0.23117521879531103;-0.6135717425652623;;0.40593506330429163;0.11408347731960888;-0.34122573118620414;-0.2622251421779837;0.1656991195825685;-0.3104686126224438;;0.9761563810906978;-0.10003819041714031;0.4302777565358298;-0.6666885561879212;;-0.6235904097264231;-0.122060999629182;;-0.017683857839416634;-0.441478828602403;-0.14590455121488768;0.02060241776893988;-0.6389956477383983;-0.7946963195315488;0.9579433591878873;-0.39989976390654003;0.9179929340094974;-0.6664851017616668;;0.5949742177449763;-0.08410421137022063;0.1900547884529052;-0.4957548858261466;-0.8564034752638625;-0.669971610218885;;0.2919078128856772;0.5667450857487424;;;-0.5542433395925743;-0.6010432882695309;;;-0.04134371542011294;-0.37218680491508976;-0.6650339061446023;-0.35699590079983984;;0.2907408739530928;-0.10720745631753688;-0.4426268417630467;;0.9900498635932664;;-0.7187957110543152;0.1154603109959597;-0.583905716876082;;-0.6071310651502027;;-0.2519600483448167;;;-0.48953248058932697;-0.6991277806587624;-0.2979038724802778;0.7991012639769229;0.205423355254543;-0.08121346956396354;-0.628824004835715;;6.724324031787418;-0.6849691783918161;;0.4080902840292763;0.7838691134449591;;-0.27386614233050854;-0.5106171056968323;0.31874303678375054;-0.49994444236540153;;;1.2060125890538906;0.13062906528795667;;;-0.6916485900208481;;0.09619361450477809;-0.6261653173751884;0.971052483783079;-0.9081038745834024;-0.23964338019070758;-0.6113801039688602;-0.0009970043165232923;-0.3955077078456313;6.724324031787418;;-0.5372822101143708;0.30554060155055823;-0.4305757645832955;-0.716957401808226;-0.48814512368354457;;-0.5789165012456343;-0.4543667492430855;-0.6711799204396327;0.04872473676759817;;-0.5684130874902777;-0.5759245084704466;1.892808727678995;0.34392880916394747;-0.5471532889923558;0.653975159716613;-0.6951549480051655;-0.29609628546518874;;;0.1765233919407623;0.21415937652494754;-0.3868728245449612;-0.3623490899465994;;-0.403162212606811;;;;;-0.6223450469353349;;-0.7184694870485688;0.16028605513774893;2.7350620877616096;0.2547527134261176;6.724324031787418;1.6539474169315744;-0.0320669112712362;;0.4993448773178491;;-0.031487907314975284;2.0771566413329334;1.078721710663343;0.1896930257322522;0.15249582722493937;-0.6840392631159944;-0.08234670781332638;;-0.349477618816858;0.41214054569747993;-0.12785918767825988;-0.25587757027442964;0.8473588162777735;-0.5659753479899907;-0.034104064146327946;1.5408090932685066;;-0.5186640322810891;-0.24789820178282418;0.7723258368685428;0.1738682855924372;-0.4267670287556441;-0.5635193588890947;-0.21675302897684284;2.4805907369376134
2021;-0.6804641548203733;;-1.3116115649865354;;;-0.3115750939071441;-0.17676572056658238;0.7678397414953297;;-0.36457069954630217;-1.3116115649865354;-0.2878926810787538;0.2491571248503981;-0.6009018981024784;-0.2777042600814278;0.22222100936005362;-0.7423754240434656;;0.1940450827140253;0.6206850003279841;-0.7118953006526872;-0.2721638125748225;-0.8497204455843571;0.7301192962656204;;;1.3583622565278621;-0.028995234036361273;1.278346938602783;-0.10071840266991447;-0.6774095265846434;3.1289734874948274;-1.2276429690640336;0.19653721359201207;-0.9071146739682501;0.2571166308372985;-0.5814222719253056;0.8977321271186177;;;-0.31150573822024;;-0.7992311911309287;-0.4810804671567;-0.6849955768361721;-0.7000418435427922;1.0416458379721616;-0.514768383452218;-0.3154325699167009;0.2654179827517231;;-0.0035545784459911785;;;-0.7272469472618693;-1.3116115649865354;;-0.1137331567979865;-0.3989065302796759;-0.760302896451305;-0.8513695536649026;-0.388737656625084;-0.24333061961462288;0.37905941131593857;-0.5592368192714122;2.1817802400742026;-0.7954838987801196;-0.2481782679065453;-0.4111941715735677;-0.895020830117925;-0.5934527510381946;-0.6380449630349386;;-0.021144623772077396;;0.4687729436670441;-0.503928101172325;-0.7138954308767593;-0.9010328904443291;-0.1623715282344292;0.6160866070413555;0.9586199960910281;-0.22998605150678014;-0.7005154125600429;0.3992135537807494;-0.4260873051829735;2.734961705943383;;-0.9001508891127229;-0.5941473150159615;-0.87842543775841;0.42238541312435346;;;;0.1649661904644417;0.3178490701048612;-0.6310259743129114;;0.6050302431947479;0.6912065793325443;-0.5552727195553351;0.17735764814404237;0.602711400695068;-0.3918108266247859;;1.761627585458446;0.42777176369567604;0.9937068910506056;-0.9091971362032849;;-0.855460328210857;0.13301978114366145;;0.18210280581673968;-0.25408123234567087;-0.15097278372758832;0.23327024474156663;-0.8819313560786626;-1.0791718601513007;-0.013962084999178627;-0.5728174906611608;1.6525687830839877;-0.8758297793308335;;1.0026329779776113;-0.0012959375875899197;0.1512253832729167;-0.7749323314870658;-1.2449969044731408;-0.9208935979748504;;0.017725854022661025;1.1443466905598514;;;-0.8134594147184977;-0.7392450834746377;;;0.1259802593071267;-0.43185997500492523;-0.8888438387762746;-0.7840745088379717;-0.5478749209423489;0.2363866398571071;-0.21378940772235766;-0.6234045184876642;;1.1436119815988484;;-0.9038137695490063;0.33938917105439437;-0.7161432222119227;;-0.7749495662276202;;-0.841270724072518;;;-0.4541431779252463;-0.688177584057813;-0.25175721268848283;0.5804971839701667;0.30933286795429626;0.16299344097922572;-0.8042031884812398;;;-0.905454853131851;;0.5591894173212354;0.9404392656267487;;0.0035363332654088017;-0.6142402290149195;0.6407557889895081;-0.5830818132323984;-0.866239347489264;;1.9929738672385253;0.575070313060217;;;0.15423050175907785;;-0.19839336800604784;-0.8920898931432515;1.2015338562015583;-0.9928809612137118;-0.3939735743759832;-0.7554351704554417;0.8137465869002685;-0.35881877001769646;4.488901838171973;;-0.8371105094541633;0.7588869084665169;-0.5221973273993444;-0.9449617550252665;-0.7138807375908177;;-0.7561563057052276;-0.5591529993203755;-0.89192227923885;-0.8929473957810797;;-0.5602084340793482;-0.7367146848093076;2.25283235783204;0.6829378414249587;-0.6616235749581214;0.7613219808659242;-0.9456711534038642;-0.32695017796395376;;;0.09670867503143278;0.5223150957607746;-0.300938961770371;-0.35153320525295795;;-0.6855168405932768;;;;;-0.7369729923670332;;-0.9465265453507229;0.3021118585291725;4.488901838171973;0.23879661543121533;4.488901838171973;1.6642421682804789;0.0019510102823592607;;0.6227983802200749;;-0.08179456252780862;2.0997922893897942;1.7419893683516043;0.6240175177860441;0.5091843619941515;-0.9489143687994424;0.10228461402023241;;-0.4748163937851971;0.8614249778998974;-0.1369823422698528;-0.24631060788603626;2.043401639439462;-0.7258351815485231;0.15565433271423104;-0.6216152816060071;;-0.698270666794778;-0.4775322761840171;1.4966123499980453;0.5697093192180336;-0.5054030137842727;-0.69200138169919;-0.15198412759274074;4.047161432996463
2022;;;;;;;;;;;;;;;;;;;;0.43438191176912294;;;;;;;;;;;-0.5939964793301207;;;;;;;;;;;;;;-0.8037274552050274;;;;;-0.023046595688470742;;;;;;;;;;;;-0.526931989641617;;;-0.621951274781112;;;;;-0.8858958226908694;-0.7004310391143692;;;;;;;;;;;;;;;;;;;;;;;;;;;;;;;;;;;;;;;;;;;;;;;;;;0.27447393318878943;;;;;;;0.27666233342807717;;;-0.939988392994603;;;;;;-0.7195017699976314;;;;;;;;;;;;;;;;;;;;;;;;;;;;;;;;;;;;1.26237951967039;;;;;;;;2.2494040794906707;;;;;;;;;;;;;;;;;;;;;;;;;;;;-0.8824567896912422;;;;;;;;;;;;;;;;;;;;;;;;;;;;;;;;;;;;;;;;;;;;;;;;-0.7252450818156221;;1.6634913937332472;;;;;