Date;ABB LTD N - NUMBER OF SHARES;ACCU HOLDING 'R' DEAD - 28/04/17 - NUMBER OF SHARES;ACHIKO N - NUMBER OF SHARES;ACINO HOLDING DEAD - 17/09/14 - NUMBER OF SHARES;ACTELION DEAD - 07/11/17 - NUMBER OF SHARES;ADDEX THERAPEUTICS - NUMBER OF SHARES;ADECCO GROUP - NUMBER OF SHARES;ADVAL TECH N - NUMBER OF SHARES;ADVANCED DIG.BRDCT.HDG. DEAD - 17/03/15 - NUMBER OF SHARES;AEVIS VICTORIA - NUMBER OF SHARES;AIRESIS 'R' - NUMBER OF SHARES;ALCON (SWX) ORD SHS - NUMBER OF SHARES;ALLREAL HOLDING - NUMBER OF SHARES;ALSO HOLDING - NUMBER OF SHARES;ALUFLEXPACK - NUMBER OF SHARES;AMS-OSRAM AG - NUMBER OF SHARES;APG SGA - NUMBER OF SHARES;APTG AG DEAD - DELIST.27/11/19 - NUMBER OF SHARES;ARBONIA AG - NUMBER OF SHARES;ARYZTA - NUMBER OF SHARES;ASCOM 'R' - NUMBER OF SHARES;AUTONEUM HOLDING - NUMBER OF SHARES;BACHEM HOLDING - NUMBER OF SHARES;BALOISE HOLDING - NUMBER OF SHARES;BANK CA ST.GALLEN DEAD - 29/09/11 - NUMBER OF SHARES;BANK CLER DEAD - DELIST.09/01/20 - NUMBER OF SHARES;BANK LINTH LLB - NUMBER OF SHARES;BC VAUD N - NUMBER OF SHARES;BANQUE CANTON.DE GENEVE - NUMBER OF SHARES;BANQUE CANTONALE DU JURA - NUMBER OF SHARES;BARRY CALLEBAUT - NUMBER OF SHARES;BASELLANDSCHAFTLICH E KANTONALBANK - NUMBER OF SHARES;BASILEA PHARMACEUTICA 'R' - NUMBER OF SHARES;BASLER KB 'P' - NUMBER OF SHARES;BELIMO N - NUMBER OF SHARES;BELL 'R' - NUMBER OF SHARES;BELLEVUE GROUP - NUMBER OF SHARES;BERNER KANTONALBANK - NUMBER OF SHARES;BFW LIEGENSCHAFTEN DEAD - DELIST.27/11/20 - NUMBER OF SHARES;BIOXELL SPA 'R' DEAD - 20/05/10 - NUMBER OF SHARES;BOBST GROUP - NUMBER OF SHARES;BONDPARTNERS DEAD - 08/07/15 - NUMBER OF SHARES;BOSSARD 'B' - NUMBER OF SHARES;BUCHER INDUSTRIES - NUMBER OF SHARES;BURCKHARDT CMPSN.HLDG. - NUMBER OF SHARES;BURKHALTER N - NUMBER OF SHARES;BVZ HOLDING 'R' - NUMBER OF SHARES;BYSTRONIC AG - NUMBER OF SHARES;CALIDA 'R' - NUMBER OF SHARES;CASSIOPEA SPA DEAD - DELIST.07/03/22 - NUMBER OF SHARES;CARLO GAVAZZI I - NUMBER OF SHARES;CEMBRA MONEY BANK N ORD - NUMBER OF SHARES;CHAM GROUP DEAD - DELIST.20/12/19 - NUMBER OF SHARES;CHARLES VOGELE DEAD - 21/09/17 - NUMBER OF SHARES;CHOC.LINDT &SPRUENGLI PAR - NUMBER OF SHARES;CI COM - NUMBER OF SHARES;CIBA N DEAD - 25/06/09 - NUMBER OF SHARES;CICOR TECHNOLOGIES - NUMBER OF SHARES;CLARIANT - NUMBER OF SHARES;COLTENE N - NUMBER OF SHARES;COMET HOLDINGS 'R' - NUMBER OF SHARES;COMPAGNIE FINANCIERE TRADITION - NUMBER OF SHARES;COSMO PHARMACEUTICALS - NUMBER OF SHARES;CPH CHEMIE+PAPIER HLDG. - NUMBER OF SHARES;CREALOGIX HOLDING - NUMBER OF SHARES;CREDIT SUISSE GROUP - NUMBER OF SHARES;DAETWYLER 'I' - NUMBER OF SHARES;DATACOLOR 'R' - NUMBER OF SHARES;DKSH HOLDING - NUMBER OF SHARES;DORMA KABA HOLD - NUMBER OF SHARES;DOTTIKON ES HOLDING - NUMBER OF SHARES;DUFRY 'R' - NUMBER OF SHARES;EDIPRESSE 'B' DEAD - 20/10/11 - NUMBER OF SHARES;EDISUN POWER EUROPE N - NUMBER OF SHARES;EDMOND DE ROTHSCHILD SUISSE - NUMBER OF SHARES;EFG INTERNATIONAL N - NUMBER OF SHARES;ELMA ELECTRONIC - NUMBER OF SHARES;EMMI AG - NUMBER OF SHARES;EMS-CHEMIE 'N' - NUMBER OF SHARES;ENERGIEDIENST HOLDING - NUMBER OF SHARES;EVOLVA HOLDING - NUMBER OF SHARES;FEINTOOL - NUMBER OF SHARES;FLUGHAFEN ZURICH - NUMBER OF SHARES;FORBO HDG. - NUMBER OF SHARES;FUNDAMENTA REAL EST. - NUMBER OF SHARES;GALENICA SANTE - NUMBER OF SHARES;GAM HOLDING - NUMBER OF SHARES;GATEGROUP HOLDING DEAD - 27/04/17 - NUMBER OF SHARES;GEBERIT 'R' - NUMBER OF SHARES;GEORG FISCHER - NUMBER OF SHARES;GIVAUDAN 'N' - NUMBER OF SHARES;GLARNER KB N - NUMBER OF SHARES;GLOBAL NATURAL RES. DEAD - 26/09/11 - NUMBER OF SHARES;GOLAY BUCHEL 'B' DEAD - 26/06/09 - NUMBER OF SHARES;GOLDBACH GROUP DEAD - DELIST.15/02/19 - NUMBER OF SHARES;GRAUB KB 'P' - NUMBER OF SHARES;GROUPE MINOTERIES - NUMBER OF SHARES;GURIT HOLDING 'B' - NUMBER OF SHARES;HARWANNE 'B' DEAD - 16/12/09 - NUMBER OF SHARES;HELVETIA HOLDING N - NUMBER OF SHARES;HIAG IMMOBILIEN - NUMBER OF SHARES;HIGHLIGHT EVENT & ENTM. - NUMBER OF SHARES;HOCHDORF N - NUMBER OF SHARES;HOLCIM - NUMBER OF SHARES;HUBER+SUHNER 'R' - NUMBER OF SHARES;HUGLI HOLDING DEAD - DELIST 29/11/18 - NUMBER OF SHARES;HYPOTHEKARBANK LENZBURG - NUMBER OF SHARES;IMPLENIA 'R' - NUMBER OF SHARES;INA INVEST N - NUMBER OF SHARES;INFICON - NUMBER OF SHARES;INFRANOR INTER DEAD - 07/11/14 - NUMBER OF SHARES;INTERROLL - NUMBER OF SHARES;INTERSHOP N - NUMBER OF SHARES;INTL.MINERALS DEAD - DELIST.27/12/13 - NUMBER OF SHARES;INVESTIS HOLDING - NUMBER OF SHARES;IVF HARTMANN - NUMBER OF SHARES;JULIUS BAER GRUPPE - NUMBER OF SHARES;JUNGFRAUBAHN 'R' - NUMBER OF SHARES;KARDEX HOLDING AG - NUMBER OF SHARES;KINARUS THERAPEUTICS HOLDING AG - NUMBER OF SHARES;KLINGELNBERG N - NUMBER OF SHARES;KOMAX - NUMBER OF SHARES;KUDELSKI 'B' - NUMBER OF SHARES;KUEHNE UND NAGEL INTERNATIONAL - NUMBER OF SHARES;KUONI REISEN 'R' DEAD - 10/11/16 - NUMBER OF SHARES;KUROS BIOSCIENCES - NUMBER OF SHARES;LALIQUE GROUUP - NUMBER OF SHARES;LANDIS+GYR GROUP - NUMBER OF SHARES;LASTMINUTE - NUMBER OF SHARES;LECLANCHE 'N' - NUMBER OF SHARES;LEM 'R' - NUMBER OF SHARES;LENZERHEIDE BERGBAHNEN DEAD - 09/05/11 - NUMBER OF SHARES;LEONTEQ - NUMBER OF SHARES;LIECHTENSTEINISCHE LANDESBANK - NUMBER OF SHARES;LIFEWATCH DEAD - DELIST.21/02/18 - NUMBER OF SHARES;LOEB 'P' DEAD - 30/09/15 - NUMBER OF SHARES;LOGITECH 'R' - NUMBER OF SHARES;LONZA GROUP - NUMBER OF SHARES;LOOSER HOLDING DEAD - 23/06/17 - NUMBER OF SHARES;LUMX GROUP DEAD - DELIST.30/06/20 - NUMBER OF SHARES;LUZERNER KANTONALBANK - NUMBER OF SHARES;MCH GROUP - NUMBER OF SHARES;MEDACTA GROUP - NUMBER OF SHARES;MEDARTIS HOLDING - NUMBER OF SHARES;MEDMIX N - NUMBER OF SHARES;MEIER TOBLER GROUP - NUMBER OF SHARES;METALL ZUG - NUMBER OF SHARES;MEYER BURGER TECH - NUMBER OF SHARES;MICRONAS SEMICON.HLDG.R DEAD - 25/10/16 - NUMBER OF SHARES;MIKRON 'R' - NUMBER OF SHARES;MINDSET HOLDING DEAD - 10/12/12 - NUMBER OF SHARES;MOBILEZONE HOLDING - NUMBER OF SHARES;MOBIMO HOLDING - NUMBER OF SHARES;MOLECULAR PARTNERS - NUMBER OF SHARES;MYRIAD GROUP 'R' DEAD - DELIST.08/06/18 - NUMBER OF SHARES;NESTLE 'N' - NUMBER OF SHARES;NEWAVE N DEAD - 17/08/12 - NUMBER OF SHARES;NEWRON PHARMACEUTICALS - NUMBER OF SHARES;NOBEL BIOCARE HOLDING DEAD - 10/06/15 - NUMBER OF SHARES;NORINVEST HOLDING N DEAD - 28/04/17 - NUMBER OF SHARES;NOVARTIS 'R' - NUMBER OF SHARES;OBSEVA - NUMBER OF SHARES;OC OERLIKON CORP ;ONE SWISS BANK - NUMBER OF SHARES;ORASCOM DEV.HOLDING N - NUMBER OF SHARES;ORELL FUSSLI AG - NUMBER OF SHARES;ORIOR - NUMBER OF SHARES;PANALPINA WELTTRANSPORT HOLDING - NUMBER OF SHARES;PARGESA 'B' DEAD - DELIST.23/11/20 - NUMBER OF SHARES;PARTNERS GROUP HOLDING - NUMBER OF SHARES;PAX-ANLAGE 'R' DEAD - 10/10/17 - NUMBER OF SHARES;PEACH PROPERTY GROUP - NUMBER OF SHARES;PERROT DUVAL 'B' - NUMBER OF SHARES;PETROPLUS HOLDINGS (OTC) DEAD - DELIST.29/06/17 - NUMBER OF SHARES;PHOENIX MECANO 'B' - NUMBER OF SHARES;PIERER MOBILITY - NUMBER OF SHARES;PLAZZA - NUMBER OF SHARES;POENINA HOLDING DEAD - DELIST.30/06/22 - NUMBER OF SHARES;POLYPEPTIDE N - NUMBER OF SHARES;PRECIOUS WOODS HOLDING DEAD - 12/08/13 - NUMBER OF SHARES;PRIVATE EQUITY 'R' - NUMBER OF SHARES;PSP SWISS PROPERTY AG - NUMBER OF SHARES;PUBLIGROUPE 'R' DEAD - 13/04/15 - NUMBER OF SHARES;QUADRANT 'R' DEAD - 04/06/10 - NUMBER OF SHARES;RELIEF THERAPEUTICS - NUMBER OF SHARES;REPOWER DEAD - 29/04/16 - NUMBER OF SHARES;RIETER HOLDING 'R' - NUMBER OF SHARES;ROCHE HOLDING - NUMBER OF SHARES;ROMANDE ENERGIE HOLDING - NUMBER OF SHARES;SANTHERA - NUMBER OF SHARES;SCHAFFNER - NUMBER OF SHARES;SCHINDLER 'P' - NUMBER OF SHARES;SCHLATTER INDUSTRIES - NUMBER OF SHARES;SCHWEITER TECHNOLOGIES - NUMBER OF SHARES;SCHWEIZERISCHE NAT.BK. - NUMBER OF SHARES;SCHWZ.NATIONAL-VERSICH.- GESELL. - NUMBER OF SHARES;SENSIRION HOLDING - NUMBER OF SHARES;SF URBAN PROPERTIES N - NUMBER OF SHARES;SFS GROUP - NUMBER OF SHARES;SGS 'N' - NUMBER OF SHARES;SHL TELEMEDICINE - NUMBER OF SHARES;SIA ABRASIVES HLDG. DEAD - 06/07/09 - NUMBER OF SHARES;SIEGFRIED 'R' - NUMBER OF SHARES;SIG GROUP N - NUMBER OF SHARES;SIKA - NUMBER OF SHARES;SKAN N - NUMBER OF SHARES;SO.ELETTRICA SOPRACEN DEAD - 28/05/15 - NUMBER OF SHARES;SOFTWAREONE HOLDING - NUMBER OF SHARES;SONOVA N - NUMBER OF SHARES;SPICE PRIVATE EQUITY - NUMBER OF SHARES;ST GALLER KANTONALBANK - NUMBER OF SHARES;STADLER RAIL - NUMBER OF SHARES;STARRAG GROUP HOLDING - NUMBER OF SHARES;STRAUMANN HLDG. - NUMBER OF SHARES;SULZER 'R' - NUMBER OF SHARES;SUNRISE COMMUNICATIONS GROUP - NUMBER OF SHARES;SUNSTAR 'B' DEAD - 31/10/12 - NUMBER OF SHARES;SWISS LIFE HOLDING - NUMBER OF SHARES;SWISS PRIME SITE - NUMBER OF SHARES;SWISS STEEL HOLDING AG - NUMBER OF SHARES;SWISSCOM 'R' - NUMBER OF SHARES;SWISSLOG HOLDING DEAD - 29/07/15 - NUMBER OF SHARES;SWISSQUOTE 'R' - NUMBER OF SHARES;SWMTL HOLDING AG ;SYNGENTA DEAD - DELIST.08/01/18 - NUMBER OF SHARES;SYNTHES DEAD - MERG.SEE 912212 - NUMBER OF SHARES;TEC-SEM N DEAD - 27/11/09 - NUMBER OF SHARES;TECAN 'R' - NUMBER OF SHARES;TECHNOMAG DEAD - 15/02/10 - NUMBER OF SHARES;TEMENOS N - NUMBER OF SHARES;THE SWATCH GROUP - NUMBER OF SHARES;THURGAUER KANTONALBANK - NUMBER OF SHARES;TORNOS HOLDING - NUMBER OF SHARES;TRANSOCEAN - NUMBER OF SHARES;TX GROUP AG - NUMBER OF SHARES;U-BLOX HOLDING - NUMBER OF SHARES;UBS 'R' DEAD - 28/08/15 - NUMBER OF SHARES;UBS GROUP - NUMBER OF SHARES;USTER TECHNOLOGIES DEAD - 03/04/13 - NUMBER OF SHARES;V-ZUG N - NUMBER OF SHARES;VALARTIS GROUP I - NUMBER OF SHARES;VALIANT 'R' - NUMBER OF SHARES;VALORA 'R' - NUMBER OF SHARES;VARIA US PROPERTIES - NUMBER OF SHARES;VAT GROUP - NUMBER OF SHARES;VETROPACK 'B' - NUMBER OF SHARES;VICTORIA JUNGFRAU N DEAD - 02/12/13 - NUMBER OF SHARES;VIFOR PHARMA - NUMBER OF SHARES;VILLARS 'R' - NUMBER OF SHARES;VON ROLL HOLDING - NUMBER OF SHARES;VONTOBEL HOLDING - NUMBER OF SHARES;VP BANK - NUMBER OF SHARES;VZ HOLDING 'N' - NUMBER OF SHARES;WARTECK 'R' - NUMBER OF SHARES;WEATHERFORD INTL. - NUMBER OF SHARES;WINTERTHUR TECHNOLOGIE DEAD - 20/12/11 - NUMBER OF SHARES;YPSOMED HOLDING R - NUMBER OF SHARES;ZEHNDER GROUP - NUMBER OF SHARES;ZUBLIN IM.HLDG. - NUMBER OF SHARES;ZUG ESTATES HOLDINGS - NUMBER OF SHARES;ZUGER KANTONALBANK - NUMBER OF SHARES;ZUR ROSE - NUMBER OF SHARES;ZURICH INSURANCE GROUP - NUMBER OF SHARES;ZWAHLEN &.MAYR - NUMBER OF SHARES
2000;300002;25;NA;160;NA;NA;17698;200;NA;160;244;NA;NA;595;NA;NA;750;1483;252;NA;453;NA;340;5862;44;428;805;4684;814;300;5170;500;NA;1060;650;400;510;NA;NA;NA;315;50;248;249;NA;NA;146;465;300;NA;36;NA;403;8800;125;365;66454;350;14546;NA;NA;1268;NA;NA;NA;272101;110;184;NA;561;NA;NA;764;NA;50;NA;200;NA;376;2520;NA;550;140;1466;NA;NA;904;NA;4160;3223;NA;NA;NA;19;NA;300;15;492;588;1649;NA;603;NA;10504;974;280;72;5400;NA;NA;635;854;864;53973;NA;24;NA;584;250;1400;NA;310;377;181;267;NA;NA;NA;NA;20;300;NA;NA;3800;NA;250;1763;6433;NA;NA;300;NA;NA;NA;NA;62;68;NA;2128;939;376;3106;NA;NA;NA;39423;NA;NA;NA;NA;72125;NA;NA;87;NA;100;NA;NA;1466;NA;180;NA;3;NA;1100;NA;NA;NA;NA;NA;3750;NA;2475;400;NA;125;2165;7026;1140;NA;632;530;163;88;100;350;NA;NA;NA;2596;NA;750;280;NA;1955;NA;1100;NA;629;3175;NA;NA;202;770;3634;NA;47;11747;NA;13773;73550;2752;NA;NA;NA;10968;9000;1295;NA;NA;14890;NA;NA;207245;NA;NA;214976;214976;NA;NA;465;880;4123;NA;NA;251;280;450;105;22258;840;223;NA;104;NA;NA;NA;271;10304;NA;266;NA;48611;40
2001;300002;25;NA;160;4733;NA;18510;200;NA;161;4600;NA;6504;595;NA;NA;750;1882;252;NA;22500;NA;340;5670;44;428;805;4716;1479;300;5170;500;NA;1060;650;400;510;8900;NA;NA;307;50;248;249;NA;NA;151;465;300;NA;375;NA;806;8800;626;365;66454;350;15344;NA;NA;1297;NA;NA;1070;299569;110;184;NA;561;NA;NA;764;NA;50;NA;200;NA;376;2520;NA;575;1400;1466;NA;NA;909;NA;4160;3223;8625;NA;NA;19;NA;300;15;492;588;1649;NA;1237;NA;10504;974;280;72;6451;NA;2315;635;854;900;59219;NA;24;NA;584;375;1400;NA;3100;4541;2400;3000;NA;NA;NA;NA;20;300;NA;NA;3800;NA;250;3526;6433;NA;NA;300;NA;NA;NA;NA;62;73;NA;2128;939;376;1860;NA;NA;NA;39423;NA;NA;NA;NA;72125;NA;NA;91;NA;196;NA;NA;1466;NA;180;NA;3;NA;1100;NA;NA;NA;NA;NA;4500;5916;2475;400;NA;125;4545;7026;419;NA;632;530;163;944;100;1050;NA;NA;NA;2530;10663;750;280;NA;1932;NA;1100;NA;629;3175;NA;NA;202;770;3634;NA;47;11747;3020;13773;73550;2752;1350;NA;101309;10968;9000;1300;615;NA;14081;NA;NA;210716;10000;NA;442893;442893;NA;NA;432;880;4123;NA;NA;251;280;450;105;22258;983;7882;NA;104;NA;NA;NA;271;28475;NA;266;NA;83886;40
2002;1200008;25;NA;160;21069;NA;185969;200;NA;808;4600;NA;6504;595;NA;NA;750;1882;1260;NA;22500;NA;6800;55307;44;2671;805;4716;1479;300;5170;600;NA;5300;650;400;5100;8900;NA;NA;19657;50;2660;249;NA;NA;151;465;300;NA;375;NA;806;8800;776;365;66009;350;153440;NA;NA;2595;NA;311;1070;1195388;110;184;NA;3567;NA;NA;764;NA;50;NA;218;NA;376;2520;NA;575;4912;1473;NA;NA;9309;NA;4160;3449;8403;NA;6200;19;NA;300;300;492;588;6597;NA;1237;NA;56021;5050;280;72;6451;NA;2315;635;854;900;59576;NA;240;NA;584;375;1400;NA;3100;46664;24000;3000;NA;NA;NA;NA;20;300;NA;NA;3600;NA;250;47641;5526;NA;NA;8500;480;NA;NA;NA;62;73;NA;21512;1284;376;33499;NA;NA;NA;395969;NA;NA;NA;NA;2885204;NA;NA;102;NA;196;NA;NA;1517;NA;180;NA;3;NA;1100;NA;NA;NA;NA;NA;4500;7650;2478;400;NA;125;4545;702563;472;NA;632;530;163;1185;100;1050;NA;NA;NA;7822;10663;750;280;NA;1932;NA;1100;NA;63900;3175;5000;NA;202;15442;3638;NA;47;11747;3020;13773;73550;15135;1350;NA;112565;10968;9000;13020;615;50924;140810;NA;2300;318000;10000;NA;1280546;1280545;NA;NA;4198;880;4127;NA;NA;251;280;450;105;22258;65000;7433;NA;104;NA;NA;NA;271;28526;NA;266;NA;83886;40
2003;1200008;25;NA;122;21332;NA;186798;200;NA;820;4600;NA;6504;595;NA;NA;750;1882;1260;NA;22500;NA;6800;55307;44;2671;805;8489;1479;300;5170;600;NA;5600;650;400;5100;9790;NA;NA;19680;50;2660;1416;NA;NA;151;465;300;NA;375;NA;806;8800;776;365;66009;350;153440;NA;484;5305;NA;300;1070;1188880;110;184;NA;3567;NA;NA;764;NA;50;NA;218;NA;376;2520;NA;575;4912;1316;NA;NA;9166;NA;4160;3449;8726;NA;6200;19;NA;300;330;420;588;6293;NA;1237;NA;56021;5050;280;72;6451;NA;2315;635;854;900;66556;NA;240;NA;584;375;8000;NA;3100;46680;24000;3000;3783;NA;NA;NA;20;300;NA;NA;3440;10735;250;47902;50450;NA;NA;8500;480;NA;NA;NA;62;73;NA;26951;1284;1879;35599;NA;NA;NA;395969;NA;NA;25115;NA;2824148;NA;NA;102;NA;196;NA;NA;1535;NA;180;NA;3;NA;1100;NA;NA;NA;NA;1620;4500;7650;2480;2528;NA;125;4569;702563;472;NA;632;5507;163;1469;100;1050;NA;NA;NA;7822;10663;750;2800;NA;1932;NA;1100;NA;65234;3175;5000;NA;202;15480;3638;NA;47;21679;4027;13773;66203;15135;1350;NA;112565;10968;9000;13075;615;50924;137051;NA;13384;318000;10000;NA;1254580;1254580;NA;NA;4198;16595;4127;NA;NA;251;280;450;105;22258;65000;7433;NA;104;NA;NA;NA;244;29763;NA;266;NA;143878;40
2004;2040012;25;NA;122;21624;NA;186905;200;NA;832;4600;NA;8130;603;NA;NA;750;1882;1260;NA;36000;NA;6798;55307;44;2671;805;8489;1479;300;5170;600;NA;5900;650;400;5100;9790;NA;NA;19789;50;2660;1416;NA;NA;151;406;300;NA;375;NA;806;8800;776;365;72130;350;153440;NA;484;5411;NA;300;1070;1190352;110;177;NA;3567;NA;NA;845;NA;50;NA;218;NA;26093;2520;NA;566;4912;1357;NA;NA;8995;NA;4160;3449;8000;NA;6200;19;NA;300;330;420;588;6293;NA;1237;NA;201186;5050;280;72;6451;NA;2315;635;854;2100;70658;NA;240;NA;584;375;8000;NA;3153;46790;24000;3000;3783;NA;NA;NA;127;300;NA;NA;3280;10766;250;47902;50450;NA;NA;8500;480;NA;NA;NA;1771;73;NA;35289;14143;1879;35599;NA;NA;NA;403520;NA;NA;25459;NA;2694400;NA;NA;102;NA;196;NA;NA;1544;NA;180;NA;3;NA;1100;NA;NA;NA;NA;1625;4500;7650;2484;2574;NA;625;4569;702563;1140;NA;632;5507;163;1469;100;1050;NA;NA;NA;7822;10663;750;2800;NA;2151;NA;1100;NA;65372;3175;5000;NA;202;15500;3638;NA;47;23448;4027;13773;66203;15178;1350;NA;112565;10968;9000;13076;615;54133;137051;NA;13384;318000;10000;NA;1182344;1182344;NA;NA;4198;16595;4200;NA;NA;251;280;6500;105;22258;65000;5314;NA;104;NA;NA;NA;244;29763;NA;288;NA;144007;40
2005;2070314;100;NA;122;22125;NA;187164;365;NA;838;46000;NA;8131;604;NA;11000;3000;1887;1260;NA;36000;NA;6798;55307;44;16875;805;8518;1479;300;5170;600;7380;5900;650;400;5000;8900;NA;NA;19789;50;2660;1416;NA;NA;151;406;303;NA;391;NA;806;8800;780;365;70827;1241;230160;NA;600;5401;NA;300;1070;1197474;110;177;NA;3574;NA;NA;845;NA;50;NA;218;4303;26093;2520;NA;566;4912;2714;NA;NA;8855;NA;4160;3499;7800;NA;6458;19;NA;300;330;420;588;8653;NA;1237;NA;229925;5050;280;72;6451;NA;2316;636;854;2100;79738;NA;240;NA;5835;5627;8000;NA;3181;46869;24000;3000;4623;NA;NA;NA;127;300;NA;NA;3280;10791;267;47902;50450;NA;NA;8500;480;NA;NA;NA;1771;73;NA;32320;16121;1879;35740;NA;NA;NA;403520;NA;NA;25653;NA;2670141;NA;NA;102;NA;1960;NA;NA;1544;NA;180;NA;3;NA;1100;10258;NA;NA;NA;1692;4500;46902;2489;2574;NA;625;4569;702563;1140;NA;636;5142;163;1444;100;1050;NA;NA;NA;7822;10663;750;2800;NA;2151;NA;1100;NA;65512;3175;5027;NA;202;15519;3638;NA;47;33776;4027;13773;66203;179483;1391;NA;112565;114923;9000;12341;615;54798;137051;NA;13434;318000;10000;NA;1125472;1125472;NA;NA;4000;16595;3570;NA;NA;251;280;6500;105;110725;65000;5314;NA;104;NA;NA;11016;244;29763;NA;288;NA;144007;40
2006;2070314;100;NA;3038;22370;NA;187399;365;6082;838;46129;NA;9757;604;NA;11000;3000;1887;1260;NA;36000;NA;6798;55307;176;16875;805;8540;1479;300;5170;800;7380;5900;650;400;10500;9320;NA;NA;19789;50;2660;10566;NA;NA;198;406;303;NA;391;NA;806;8800;800;365;70827;2124;230160;NA;600;5450;NA;300;1070;1214076;136;164;NA;3574;1273;14200;845;NA;50;146670;218;4350;25053;2520;16372;566;4912;2714;NA;NA;111628;NA;4160;3499;7400;NA;6458;19;NA;300;330;420;588;8653;NA;1237;NA;229925;5050;280;72;6451;NA;2319;641;854;2100;81341;NA;240;NA;5835;5627;9084;NA;3190;46976;24000;3000;5083;NA;NA;NA;127;1200;1941;NA;3280;10793;267;95803;50450;NA;NA;8500;480;NA;NA;NA;1571;78;NA;32543;16565;1883;35773;2461;NA;15867;403520;NA;NA;25912;NA;2632102;NA;NA;1028;NA;1960;NA;25000;77215;NA;180;NA;3;NA;1100;10258;NA;NA;NA;2978;4500;46902;2489;2574;NA;625;4451;702563;1140;NA;636;5142;293;1444;100;1050;NA;NA;NA;7822;10663;750;2800;NA;2151;NA;1100;NA;65567;3175;5101;NA;202;15519;3638;NA;47;33776;25654;13773;61483;179483;1394;NA;106368;114947;9000;11888;615;54952;134911;NA;13434;318000;10000;NA;1087982;1087981;NA;NA;5000;16595;3300;NA;NA;251;280;6500;105;138584;65000;5314;NA;149;NA;3887;11244;244;30792;NA;288;NA;144007;40
2007;2182008;100;NA;3133;22718;NA;188546;365;6171;2940;46129;NA;9757;6039;NA;11000;3000;1887;1260;NA;36000;NA;6798;55307;176;16875;805;8590;1479;300;5170;800;7698;5900;650;400;10500;9320;NA;5352;19789;50;2660;10566;3400;NA;197;406;372;NA;391;NA;745;8800;811;365;70827;2124;230160;4680;600;5450;NA;300;1070;1213909;110;168;NA;3775;1273;14063;845;NA;50;146670;220;5200;25053;2520;16750;566;6140;2714;NA;NA;111628;NA;4160;4048;7232;NA;6458;19;NA;500;330;420;588;8653;NA;1237;NA;252924;5050;280;72;18472;NA;2345;641;854;2100;91938;NA;240;NA;5835;5627;9084;NA;3288;47227;120000;3000;5155;NA;NA;NA;169;1200;1941;NA;3280;11263;267;191606;50450;NA;NA;8500;480;NA;NA;NA;1571;78;2960;32649;16713;1920;35773;3467;NA;16360;400736;NA;5820;26228;NA;2621902;NA;NA;1028;NA;1960;NA;25000;77215;26700;180;NA;3;68637;1070;15386;NA;NA;NA;3000;4050;46902;2494;2625;NA;625;4451;702563;1140;3099;636;51416;293;1444;100;1050;NA;NA;NA;7822;10663;750;2800;NA;2151;NA;1100;NA;66375;4125;5573;NA;253;15616;3638;NA;47;33776;25654;30000;56719;251277;1458;NA;104044;118676;9000;11977;615;57389;131530;NA;13683;292398;10000;NA;2104974;2104973;NA;NA;5000;16595;3300;NA;NA;251;280;6500;105;138584;65000;5314;NA;149;NA;3887;11244;244;43062;NA;288;NA;144619;40
2008;2295818;100;NA;3133;121491;5862;189263;365;6191;5641;48979;NA;11387;6039;NA;11000;3000;1887;1418;NA;36000;NA;6798;54000;176;16875;805;8606;1479;3000;5170;800;9417;5900;650;400;10500;9320;4691;5382;19789;50;2660;10566;3400;NA;197;406;378;NA;391;NA;745;8800;838;365;70827;2258;230160;4680;747;5488;13875;300;1070;1162196;11000;168;NA;3796;1273;14063;845;NA;50;146670;224;5281;25053;2520;19453;711;6140;2714;NA;NA;223256;NA;41747;4101;7270;NA;6458;19;5998;500;330;420;588;8653;NA;1237;NA;263586;20200;280;72;18472;NA;2376;644;854;2100;95653;NA;240;NA;5835;5627;9084;NA;3356;47513;120000;2957;5261;5000;NA;NA;169;1200;1941;NA;30800;11685;267;191606;50450;NA;30085;8500;480;NA;NA;NA;1571;78;2960;29675;16713;2967;35773;4343;NA;16939;393072;3125;5820;26510;NA;2621902;NA;NA;10281;NA;1960;NA;25000;77215;26700;180;NA;3;68637;1070;15386;NA;NA;NA;3346;4050;46902;2498;2749;NA;625;4451;702563;1140;3099;636;50936;293;1444;100;1050;NA;900;NA;7822;10663;750;2800;NA;2151;NA;1100;NA;67211;4125;5573;NA;253;15631;3638;NA;47;34960;25654;30000;56719;251277;14638;NA;100763;118700;16500;12076;615;58341;128100;NA;14984;317223;10600;6243;2073512;2073512;6560;NA;5000;16595;3300;NA;NA;251;280;6500;105;184779;65000;5314;8000;149;NA;5843;11244;244;45412;NA;288;NA;145507;40
2009;2322792;100;NA;3192;123887;5862;189263;730;6191;5641;50679;NA;11387;6039;NA;11021;3000;1887;1418;78940;36000;NA;6798;50000;176;16875;805;8606;1479;3000;5170;800;9556;5900;615;400;10500;9320;4691;5382;17810;50;2660;10566;3400;1114;197;406;378;NA;391;NA;745;8800;865;365;69065;2258;230160;4219;751;5619;13875;300;1070;1134106;12600;168;NA;3805;1273;14063;845;342;50;146670;228;5350;23389;25200;21094;745;6140;2713;NA;NA;211034;NA;43003;4101;7270;NA;6458;19;5998;500;330;420;53000;8653;NA;1237;900;263586;20200;280;72;18472;NA;2146;777;854;2100;96030;NA;240;NA;5835;5627;106484;NA;3387;47754;120000;2856;5270;5000;NA;NA;169;1150;1941;NA;30800;12764;267;191606;50450;2552;30085;8500;4805;NA;NA;NA;1571;255;3023;29675;16713;2968;35773;4344;NA;21305;3829998;3125;6021;124317;12306;2643622;NA;NA;14431;22740;1960;NA;25000;77215;26700;180;NA;3;68685;1070;15386;NA;NA;NA;3433;4050;46902;2500;2750;NA;625;4283;702563;1140;3511;636;49257;293;1444;100;1050;NA;900;NA;7822;10703;750;2800;NA;2151;8726;1100;NA;67511;4125;5573;NA;253;15631;34262;NA;47;35085;25654;30000;53441;251277;14638;NA;96915;118715;16500;12083;615;59005;124045;NA;15012;319176;10600;6243;2932572;2932569;6560;NA;5000;16468;3300;NA;NA;251;280;6500;105;184779;65000;5314;8000;149;NA;5868;11244;244;46806;NA;288;NA;142121;40
2010;2328778;100;NA;3192;127464;5862;189263;730;6191;6201;53850;NA;11387;6039;NA;11021;3000;1887;14581;81180;36000;NA;6798;50000;176;16875;805;8606;1479;3000;5170;570;9580;5900;615;400;10500;9320;4691;5382;17810;50;2660;10566;3400;1114;197;406;378;NA;391;NA;745;8800;869;365;69065;2823;230160;4219;757;6128;13875;300;1070;1184786;12600;168;NA;3806;1273;19214;845;342;50;146670;228;5350;23389;33138;138931;764;6140;2713;NA;NA;206631;19678;40968;4101;8504;NA;7350;19;5998;750;330;420;53000;8653;NA;1237;900;327086;20200;280;72;18472;NA;2146;777;854;2100;92797;NA;240;206631;5835;5627;147084;NA;3388;48195;120000;2856;5270;5000;NA;NA;212;1150;1941;NA;30800;13012;267;191606;52920;3802;30085;8500;4805;NA;NA;NA;1571;255;3194;29675;16713;2968;35773;5054;NA;44192;3649999;3125;6558;123785;12306;2637622;NA;NA;14431;23220;1960;NA;25000;77215;26700;180;NA;3;86325;988;15387;NA;NA;NA;3436;4050;46274;2503;2750;1249;625;4672;702563;1140;3523;636;48609;293;1444;100;22050;NA;900;NA;7822;10734;750;2800;NA;2151;8726;1100;NA;65625;4125;5573;NA;252;15631;34262;NA;47;32081;54369;30000;51802;251277;14638;NA;94600;118718;16500;11386;615;59005;124045;NA;15034;321145;10600;6243;3558080;3558080;8460;NA;5000;16762;2800;NA;NA;248;280;6500;105;184779;65000;5314;8000;149;NA;5868;12650;244;59724;NA;288;NA;147456;40
2011;2329324;100;NA;3192;129718;6465;189263;730;5571;6201;54795;NA;13664;6039;NA;11021;3000;8988;18226;81180;36000;NA;6798;50000;176;16875;805;8606;1479;3000;5170;570;9585;5900;615;400;10500;9320;4691;5382;17810;50;2660;10566;2664;1114;197;406;385;NA;391;NA;745;8800;897;365;69065;2858;230160;4219;757;6153;14996;300;1070;1186110;12600;168;NA;3807;1273;26976;845;342;50;146670;228;5350;23389;33138;139503;764;6140;2713;NA;NA;206631;26270;41211;4101;9234;NA;7350;19;6004;750;330;420;53000;8653;NA;1237;900;327086;20200;280;72;18472;NA;2167;777;854;2100;119382;NA;240;206631;5835;5627;147084;NA;3388;48571;120000;2856;5270;5000;NA;NA;2118;1150;1941;NA;30800;13103;267;191606;52920;3802;30462;8500;4805;NA;NA;NA;1571;255;44718;29675;16713;3218;35773;5113;NA;48561;3465000;3125;6604;123785;13536;2637622;NA;NA;14431;28213;1960;5925;25000;77215;26700;180;4843;3;95229;978;15387;NA;NA;NA;3438;4010;46274;2503;2750;1437;625;4672;702563;1140;3659;636;48609;293;1444;100;22050;NA;900;NA;7822;10754;750;3147;NA;2151;8726;1100;NA;66130;4125;5573;NA;252;15677;34262;NA;47;32081;54369;105000;51802;251277;14638;NA;94600;118718;16500;11427;615;63430;124045;NA;15090;319081;10600;6243;3830809;3830807;8460;NA;5000;15792;2800;NA;NA;248;280;6500;105;184779;65000;5314;8000;149;NA;5868;12650;244;59724;NA;288;NA;146501;40
2012;2314742;100;NA;3192;130383;7836;189264;730;5571;7078;54795;NA;13664;12849;NA;13785;3000;8988;18226;85045;36000;4672;6798;50000;176;16875;805;8606;1479;3000;5170;570;9588;5900;615;400;10500;9320;4691;5382;17810;50;2660;10566;3400;1114;197;406;7915;NA;391;NA;745;8800;907;365;69065;2866;295751;4219;763;6153;14996;300;1070;1186180;12600;168;NA;3815;1273;26976;845;342;50;146670;228;5350;23389;33138;164729;764;6140;2500;7267;NA;196300;26554;39847;4101;9234;NA;7350;19;6011;750;330;420;53000;8653;NA;1237;900;327086;20200;280;72;18472;NA;2188;777;854;2100;120470;NA;240;206631;5835;7730;147084;NA;3401;48747;120000;3749;5270;5000;NA;NA;3236;1150;1941;NA;30800;13103;267;191606;52920;3802;30694;8500;6007;NA;NA;NA;1462;255;47644;29677;16713;3218;35773;6170;NA;48825;3299998;3125;7264;123785;13536;2745620;NA;NA;14431;28543;1960;5925;25000;77215;26700;180;4843;3;95367;978;15387;NA;NA;NA;3438;3800;45868;2504;2750;68918;625;4672;702563;1140;3660;636;48609;439;1444;100;22050;NA;1200;NA;7822;10784;750;3800;NA;2151;8726;1100;NA;66514;4125;5573;NA;3360;15677;34262;NA;62;32081;54369;118125;51802;251277;14638;NA;93763;118777;16500;11445;615;71960;124045;NA;15482;349795;10600;6243;3832079;3832076;8460;NA;5000;15792;2800;NA;NA;234;280;6500;105;184779;65000;5314;8000;149;NA;5868;12650;9756;59724;NA;288;NA;147365;40
2013;2314742;100;NA;3460;126773;8999;189264;730;5571;12678;54795;NA;15942;12849;NA;13785;3000;9883;18226;91811;36000;4672;6798;50000;176;16875;805;8606;1479;3000;5170;570;9588;5900;615;400;10470;9320;4691;5382;17810;50;2660;10250;3400;1114;197;406;7915;NA;391;NA;745;8800;873;365;69065;2866;295751;4219;763;6153;14996;300;1070;1320085;12600;168;62794;3815;1273;29674;845;342;50;146670;228;5350;23389;33138;173343;781;6140;2500;9083;NA;183355;26554;38821;4101;9234;NA;7350;19;6011;750;330;420;53000;8653;NA;1733;900;327086;20200;280;72;18472;NA;2223;777;854;2100;117586;NA;2400;216707;5835;7730;181018;NA;3401;48976;120000;3749;22411;5000;NA;NA;5384;1150;1941;6667;30800;13103;267;173107;52920;3802;30694;8500;6007;NA;NA;NA;1457;255;47644;29677;16713;3218;35773;6170;NA;61036;3224798;3125;11171;123785;13536;2706191;NA;NA;14431;28543;1960;5925;23750;77215;26700;180;4871;3;95367;978;15387;NA;NA;NA;3438;3800;45868;2504;2750;68918;625;4672;702563;1140;3660;636;48609;426;1444;100;22050;NA;1872;NA;7822;10784;750;3800;NA;2151;8726;1100;NA;66574;4125;5573;NA;3360;15677;34262;NA;62;32081;60012;118125;51802;251277;14638;NA;93126;118777;16500;11445;615;72001;124045;NA;15482;359426;10600;6243;3832120;3832117;8460;NA;5000;15792;2800;NA;NA;234;280;6500;105;184779;65000;5314;8000;149;NA;5868;12650;9756;59724;315;288;NA;147386;40
2014;2314742;126;NA;3460;120276;10174;189264;730;5571;14340;57095;NA;15942;12849;NA;14489;3000;12706;18226;91811;36000;4672;6798;50000;176;16875;805;8606;1479;3000;5489;570;9588;5900;615;400;10470;9320;4691;5382;17810;50;3325;10250;3400;5998;197;406;7995;NA;391;30000;745;8800;900;365;69065;2866;331939;4219;770;6722;14996;300;1070;1577196;12600;168;64287;3815;1273;30905;845;342;50;147516;228;5350;23389;33138;241929;4463;6140;2250;11354;NA;173230;26786;37798;4101;9234;NA;7350;19;6011;750;330;420;53000;8653;NA;1733;900;327086;20200;280;72;18472;NA;2292;777;854;2100;117636;NA;2400;223809;5835;7730;181018;NA;3401;48976;120000;3749;30525;5000;NA;NA;13375;1140;1941;6667;30800;13215;267;173107;52920;3802;34502;8500;6007;NA;NA;NA;9707;255;84250;29677;16713;3218;35773;6214;NA;91964;3224798;3125;11625;123785;13536;2706191;NA;NA;14431;28543;1960;5925;23750;77215;26700;180;4871;3;95367;978;15387;NA;NA;NA;3748;3425;45868;2507;2750;398584;625;4672;702563;1140;3660;636;46172;426;1444;100;22050;NA;1800;NA;7822;10877;750;3800;NA;2151;10472;1100;NA;67160;5364;5573;NA;3360;15677;34262;NA;62;32081;60503;945000;51802;251277;14638;NA;93126;118777;16500;11445;615;72023;124045;NA;19878;360591;10600;6414;3841428;3841425;8460;NA;5000;15792;3436;NA;NA;234;280;6500;105;184779;65000;5314;8000;149;NA;5868;12650;9756;59724;315;288;NA;148890;40
2015;2314742;1474;NA;3460;114128;10174;179082;730;5026;14340;57095;NA;15943;12849;NA;73213;3000;12989;18226;91811;36000;4672;6798;50000;176;16875;805;8606;1479;3000;5489;570;10574;5900;615;400;10470;9320;4691;5382;16518;50;6650;10250;3400;5998;197;457;8053;NA;391;30000;745;8800;953;365;69065;2889;331939;4219;772;6722;14996;300;1070;1596118;12600;168;65043;3815;1273;35905;845;342;50;150695;228;5350;23389;33138;271569;4463;6140;2150;11354;NA;166662;26786;37798;4101;9234;11500;7350;19;6011;750;330;420;53000;9890;8000;1733;1052;327086;20200;280;72;18472;NA;2322;777;854;2000;117636;NA;2400;223809;5835;7730;181018;NA;3598;49272;120000;3749;30525;5000;NA;14623;21981;1140;1941;7963;30800;13448;267;173107;52920;3802;48502;8500;6007;NA;NA;NA;9707;255;89891;29753;16713;3218;35773;6217;19300;101659;3224798;3125;13043;123785;25689;2706191;NA;NA;14431;28543;1960;5925;23750;77215;26700;180;4908;120;95367;961;15387;NA;NA;NA;3748;3100;45868;2340;2750;798689;625;4672;702563;1140;4973;636;44619;426;1444;100;22050;NA;1800;37500;7822;10878;750;4150;NA;2151;10472;1100;NA;67173;5364;5573;NA;3360;15677;34262;NA;62;32081;60503;945000;51802;251277;15328;NA;92946;118777;16500;11445;615;69888;124045;2500;19878;362242;10600;6587;3844559;3717127;8460;NA;5000;15792;3436;NA;NA;220;280;6500;105;184779;65000;5314;8000;149;NA;5868;12650;9756;59724;315;288;NA;149591;40
2016;2314742;2634;NA;3460;114128;11700;174475;730;5026;15035;57095;NA;15943;12849;NA;73409;3000;14109;44557;91811;36000;4672;6798;50000;176;16875;805;8606;1479;3000;5489;570;10799;5900;615;400;10470;9320;4691;5382;16518;50;6650;10250;3400;5998;197;1827;8092;10000;391;30000;745;8800;988;365;69065;2902;331939;4219;774;7042;14419;6000;1070;1638394;12600;168;65043;4195;1273;53872;845;342;50;151908;228;5350;23389;33138;397923;4463;6140;1990;14193;NA;163395;26786;37798;4101;9234;11500;7350;19;6011;750;330;420;53000;9945;8000;1733;1254;606909;20200;280;72;18472;NA;2350;777;854;2000;117636;NA;2400;223809;5835;7730;181018;NA;3687;49459;120000;3749;108015;5000;NA;14623;37903;1140;1941;15945;30800;13471;267;173107;52920;3802;48502;8500;6007;NA;NA;NA;7295;255;90510;29758;16713;3218;32196;6218;19300;110458;3188400;3125;14219;123785;25689;2676992;NA;NA;14431;40410;1960;5925;23750;77215;26700;180;4910;120;95367;961;225387;1827;NA;NA;3748;3000;45868;2340;2750;654784;625;4672;702563;1140;6263;636;44236;1105;1432;100;22050;NA;1800;37500;7822;10878;750;4150;NA;2151;10472;1100;NA;66626;5364;5573;NA;3360;15723;34262;45000;62;32081;69744;945000;51802;251277;15328;NA;92946;118777;16500;11463;615;66618;124045;4000;19878;363736;10600;6721;3844559;3849484;8460;NA;5000;15792;3436;NA;NA;220;280;6500;105;184779;56875;6015;8000;198;NA;5868;12650;9756;1433386;315;288;NA;150403;40
2017;2214742;2759;NA;3460;107761;13455;171156;730;5026;15035;62022;NA;15943;12849;NA;73409;3000;18325;68486;91811;36000;4672;6798;50000;176;16875;805;8606;1479;3000;5489;570;11811;5900;615;4000;13461;9320;4691;5382;16518;50;6650;10250;3400;5998;197;1827;8122;10000;391;30000;745;8800;1012;365;69065;2902;331939;4219;775;7052;14419;6000;1070;2032896;12600;168;65043;4200;1273;53872;845;342;50;287309;228;5350;23389;33138;398702;4463;30702;1800;14193;NA;160295;26786;37041;4101;9234;11500;7350;19;6037;750;330;420;53000;9945;8000;1733;1435;606909;20200;280;72;18472;NA;2375;777;854;2000;117636;12800;2400;223809;5835;7730;181018;NA;3770;49618;120000;3749;5084;5000;NA;14623;48003;1140;1941;15945;30800;18478;267;173107;52920;3802;105496;8500;6007;NA;NA;NA;7295;255;548222;29758;16713;3218;32196;6218;20724;111768;3112156;3125;15773;123785;25689;2627114;NA;NA;14431;40410;1960;5925;23750;77215;26700;180;4986;120;95367;961;225387;1827;NA;NA;3748;2750;45868;2340;2750;1946626;625;4672;702563;1140;6280;636;40717;1105;1432;100;22050;NA;2059;37500;7822;10878;750;4167;NA;2151;10472;1100;NA;65423;5364;5573;NA;3360;15879;34262;45000;62;32081;71479;945000;51802;251277;15328;NA;92578;118777;16500;11539;615;69586;124045;4000;19878;365491;10600;6823;3844559;3850764;8460;NA;5000;15792;3436;6194;30000;220;280;6500;105;201445;56875;6015;8000;198;NA;5868;12650;9756;3318;315;288;NA;150533;40
2018;2168148;2759;NA;3460;107329;15385;171156;730;5026;15618;62022;NA;15943;12849;NA;84420;3000;19645;69473;91811;36000;4672;6798;48800;176;16875;805;8606;7200;3000;5489;570;11871;5900;615;4000;13461;9320;4691;5382;16518;50;6650;10250;3400;5998;197;1827;8202;10000;391;30000;745;8800;1046;365;69065;2902;331939;4219;7754;7175;15037;6000;1148;2556010;12600;168;65043;4200;1273;53872;845;512;50;289625;228;5350;23389;33138;770579;4463;30702;1800;18924;50000;159683;26786;37041;4101;9234;11500;7350;19;6089;750;330;420;53000;9945;8036;6132;1435;606909;20200;280;72;18472;NA;2413;777;854;2000;117636;12800;2400;223809;5835;7730;181018;NA;3832;49758;120000;3749;8171;5000;29510;14623;69267;1140;1941;15945;30800;18478;267;173107;74469;3802;105496;8500;6007;NA;NA;NA;12000;255;548222;29758;16713;3218;32196;6218;21044;149719;3112153;3125;17837;123785;25689;2616844;37131;NA;14431;40410;1960;5925;23750;77215;26700;180;5443;120;95367;961;225387;1827;2500;NA;3748;2750;45868;2340;2750;1996626;625;4672;702563;1140;6285;636;40717;1105;1432;100;22050;NA;2730;37500;7634;10878;750;4211;NA;2151;10472;1100;NA;65331;5364;5573;NA;3360;15879;34262;45000;62;33763;71479;945000;51802;251277;15328;NA;92578;118777;16500;11663;615;70850;124045;4000;19878;391237;10600;6947;3844559;3852715;8460;NA;5000;15792;3990;9001;30000;220;280;65000;105;201768;56875;6015;8000;198;NA;5868;12650;9756;3318;315;288;6219;151339;40
2019;2168148;2759;NA;3460;107329;28564;166576;730;5026;15718;62022;NA;15943;12849;NA;84420;3000;19945;69473;993106;36000;4672;6798;48800;176;16875;805;8606;7200;3000;5489;570;11879;5900;615;6286;13461;9320;4177;5382;16518;50;6650;10250;3400;5998;197;1827;8256;10000;391;30000;745;8800;1072;365;69065;2902;331939;5976;7760;7291;15037;6000;1396;2556010;12600;168;65043;4200;1273;53872;845;512;50;293841;228;5350;23389;33138;770579;4915;30702;1800;24781;50000;159683;26786;37041;4101;9234;11500;7350;19;6266;750;330;420;53000;9945;8050;8600;1435;606909;20200;280;72;18472;NA;2420;777;854;2000;117636;12800;2400;223809;5835;7730;181018;8840;3844;49904;120000;3749;15059;6000;29510;11664;117144;1140;1941;18934;30800;18478;267;165474;74469;3802;108933;8500;6007;NA;11741;NA;12000;255;622885;29758;16713;3218;40781;6602;21227;149719;3062999;3125;17845;123785;25689;2550624;45477;NA;14431;40410;1960;6518;23750;77215;26700;180;5488;120;95367;961;22539;1827;3991;NA;3748;2750;45868;2340;2750;2088920;625;4672;702563;1140;10661;636;40717;1105;1432;100;22050;15140;2730;37500;7634;10878;750;4257;320053;141781;10472;1100;NA;65331;5364;5573;NA;3360;15879;34262;45069;62;34223;75946;945000;51802;251277;15328;NA;92578;118777;16500;11766;615;71044;124045;4000;19878;609606;10600;7098;3844559;3855349;8460;NA;5000;15792;3990;9001;30000;220;280;65000;105;259421;56875;6015;8000;198;NA;5868;12650;9756;3318;460;288;8370;151348;40
2020;2168148;2759;NA;3460;107329;32849;163344;730;5026;78591;62022;491700;15943;12849;17300;84420;3000;19945;69473;993106;36000;4672;6998;48800;176;16875;805;8606;7200;3000;5489;570;11880;5900;615;6286;13461;9320;2887;5382;16518;50;6650;10250;3400;5998;197;1827;8257;10000;391;30000;745;8800;1072;365;69065;2902;331939;5976;7764;7628;15037;6000;1398;2556010;12600;168;65043;4200;1273;50567;845;1036;46;297199;228;5350;23389;33138;795579;4915;30702;1650;25052;50000;159683;26786;37041;4101;9234;11500;7350;19;6266;750;330;420;53000;49726;8050;8600;1758;615929;20200;280;72;18472;NA;2435;777;854;1900;117636;12800;2400;223809;5835;7730;181018;8840;3850;50113;120000;3749;22470;7200;29251;11664;153817;1140;1941;18934;30800;18478;267;165474;74469;3802;109827;8500;6007;20000;11751;NA;12000;255;685174;29758;16713;3218;44781;6602;21537;149719;2976000;3125;17845;123785;25689;2527374;48568;NA;14431;40410;1960;6518;23750;77215;26700;180;6601;120;95367;961;22539;1827;3991;NA;3748;2750;45868;2340;2750;2113918;625;4672;702563;1140;11165;636;40717;1105;1432;100;22050;15293;2730;37500;7566;10878;750;4306;320053;141781;10472;1100;158581;64398;5364;5994;100000;3360;15879;34262;45069;62;33595;75946;1056766;51802;251277;15328;NA;92578;118777;16500;11866;615;72720;116920;4000;19878;611871;10600;7114;3844559;3859054;8460;NA;4769;15792;3990;9001;30000;220;280;65000;105;356559;56875;6015;8000;248;1004201;5868;12650;9756;3318;460;288;8740;149608;40
2021;2168148;2759;105832;3460;107329;32849;163124;730;5026;83500;62023;499700;15943;12849;17300;274289;3000;19945;69473;993106;36000;4672;6998;48800;176;16875;805;86062;7200;3000;5489;570;11922;5900;615;6286;13461;9320;2887;5382;16518;50;6650;10250;3400;5998;197;1827;8257;10750;391;30000;745;8800;1027;365;69065;2902;331939;5976;7768;7475;15037;6000;1398;2556010;12600;168;65043;4200;12726;80264;845;1036;46;298214;228;5350;23389;33138;821878;4915;30702;1650;25052;50000;159683;26786;37041;4101;9234;11500;7350;19;6266;750;330;420;53000;53026;8433;8920;2152;615929;20200;280;72;18472;8866;2441;777;854;1900;117636;12800;2400;223809;5835;7730;181018;8840;3850;50363;120000;3749;32811;7200;28909;11664;260069;1140;1941;18934;30800;18478;267;165474;74469;3802;109827;8500;14869;20000;11778;NA;12000;255;2515150;29758;16713;3218;44781;6602;29146;149719;2880998;3125;17845;123785;25689;2467060;57553;NA;14431;40594;1960;6518;23750;77215;26700;180;12495;120;95367;961;22539;1827;5791;NA;3748;2750;45868;2340;2750;3246725;625;4672;702563;1140;18983;636;40717;1105;1432;100;22050;15573;2730;37500;7566;10878;750;4351;320053;141781;10472;1100;158581;64398;5361;5994;100000;3360;15907;34262;45265;62;32014;75970;2028332;51802;251277;15328;NA;92578;118777;16500;11957;615;74205;116920;4000;19878;615110;10600;7115;3844559;3859054;8460;6428;4299;15792;3990;10126;30000;13774;280;65000;105;356559;56875;6015;40000;248;70017;5868;12650;9756;3318;460;288;10523;150460;40
2022;2053148;2759;132654;3460;107329;49273;168224;730;5026;84529;62023;499700;16593;12849;17300;274289;3000;19945;69473;993106;36000;4672;7748;45800;176;16875;805;86062;7200;3000;5489;570;12931;5900;12300;6286;13461;9320;2887;5382;16518;50;6650;10250;3400;5998;197;1827;8257;10750;391;30000;745;8800;1066;365;69065;3070;331939;5976;7770;7624;17544;6000;1398;2447748;12600;168;65043;4200;13999;90797;845;1036;46;303869;228;5350;23389;33138;1030629;4915;30702;1650;30063;50000;159683;26786;35874;4101;9234;11500;7350;19;6266;750;330;420;53000;53026;10120;9460;2152;615929;20200;280;72;18472;8866;2445;777;854;1900;117636;12800;2400;221224;5835;7730;181018;8840;3850;50729;120754;3749;32811;7200;28909;11664;335197;1140;1941;18934;30800;18478;267;165474;74469;3802;109827;8500;14869;20000;11778;41262;12000;255;2670490;29758;16713;3218;44781;6602;32282;149719;2814999;3125;17845;123785;25689;2434420;77971;NA;15131;40594;1960;6518;23750;77215;26700;180;14852;120;95367;961;33797;1827;5791;33125;3748;2750;45868;2340;2750;4409733;625;4672;702563;1140;54608;636;40717;1105;1432;100;22050;15573;2730;37500;7566;14506;750;4396;337521;141781;22484;1100;158581;63172;5361;5994;100000;3360;15907;34262;45265;62;31529;75970;3058856;51802;251277;15328;NA;92578;118777;16500;12677;615;74738;116920;4000;19878;655505;10600;7115;3844559;3702420;8460;6428;4299;15792;3990;10126;30000;13774;280;65000;105;356559;56875;6015;40000;248;70162;5868;12650;9756;3318;460;288;11195;150460;40