Name;KINARUS THERAPE - EMPLOYEES;ABB LTD - EMPLOYEES;AMS OSRAM - EMPLOYEES;PIERER MOBILITY AG - EMPLOYEES;ACCU HOLDING AG - EMPLOYEES;BANQUE CANTONALE - EMPLOYEES;SIKA AG - EMPLOYEES;ACINO INTERNAT - EMPLOYEES;ACTELION AG - EMPLOYEES;OC OERLIKON CORP - EMPLOYEES;ADDEX THERAPEUTICS - EMPLOYEES;BANK LINTH LLB AG - EMPLOYEES;ADECCO GROUP - EMPLOYEES;ZUGER KANTONALBANK - EMPLOYEES;SCHWEIZERISCHE - EMPLOYEES;ADVAL TECH HOLDING A - EMPLOYEES;GRAUBUENDNER KBK - EMPLOYEES;ADVANCED DIGITAL - EMPLOYEES;HYPOTHERBK LENZBURG - EMPLOYEES;AIRESIS SA - EMPLOYEES;BASELLAND KANTONALBK - EMPLOYEES;APG SGA SA - EMPLOYEES;ALLREAL HOLDING AG - EMPLOYEES;APTG AG - EMPLOYEES;BELIMO HOLDINGS AG - EMPLOYEES;CPH CHEMIE & PAPIER - EMPLOYEES;#ERROR;CI COM SA - EMPLOYEES;ALSO HOLDING AG - EMPLOYEES;GEORG FISCHER AG - EMPLOYEES;VALORA HOLDING AG - EMPLOYEES;ARBONIA AG - EMPLOYEES;STADLER RAIL AG - EMPLOYEES;EVOLVA HOLDING - EMPLOYEES;ARYZTA AG - EMPLOYEES;BANQUE CANTON GENEVE - EMPLOYEES;CHAM GROUP AG - EMPLOYEES;PHOENIX MECANO AG - EMPLOYEES;ASCOM HOLDING AG - EMPLOYEES;VALARTIS GROUP AG - EMPLOYEES;ARUNDEL AG - EMPLOYEES;PANALPINA WEL - EMPLOYEES;SCHLATTER HOLDING AG - EMPLOYEES;#ERROR;BACHEM HOLDING - EMPLOYEES;AUTONEUM HOLD - EMPLOYEES;STARRAG GROUP HOLD - EMPLOYEES;BALOISE HOLDING AG - EMPLOYEES;BUCHER INDUSTRIES AG - EMPLOYEES;ONE SWISS BANK SA - EMPLOYEES;LOEB HOLDING AG - EMPLOYEES;PAX-ANLAGE AG - EMPLOYEES;SGS SA - EMPLOYEES;BARRY CALLEBAUT - EMPLOYEES;VILLARS HOLDING SA - EMPLOYEES;WARTECK INVEST AG - EMPLOYEES;BASILEA PHARMACEUTIC - EMPLOYEES;ZWAHLEN & MAYR S.A. - EMPLOYEES;BASLER KANTONALBANK - EMPLOYEES;VON ROLL HOLDING - EMPLOYEES;MIKRON HOLDING AG - EMPLOYEES;BANQUE CANTONALE - EMPLOYEES;ORELL FUESSLI HOLD - EMPLOYEES;BANQUE CANT VAUDOISE - EMPLOYEES;FORBO HOLDING AG - EMPLOYEES;BERNER KANTO - EMPLOYEES;SWMTL HOLDING AG - EMPLOYEES;HIGHLIGHT EVENT AND - EMPLOYEES;RIETER HOLDING AG - EMPLOYEES;BELL FOOD GROUP AG - EMPLOYEES;ELMA ELECTRONIC AG - EMPLOYEES;BELLEVUE GROUP AG - EMPLOYEES;SWISS STEEL - EMPLOYEES;BFW LIEGENSCHAFTEN - EMPLOYEES;PRIVATE EQUITY HLDG - EMPLOYEES;BIOXELL S.P.A. - EMPLOYEES;BANK CA ST. GALLEN - EMPLOYEES;INTERROLL HOLDING AG - EMPLOYEES;BANK CLER AG - EMPLOYEES;VETROPACK AG - EMPLOYEES;GURIT HOLDING AG - EMPLOYEES;PERROT DUVAL HOLDING - EMPLOYEES;HUEGLI HOLDING AG - EMPLOYEES;SWISS PRIME SITE - EMPLOYEES;#ERROR;BKW AG - EMPLOYEES;PERROT DUVAL HOLDING - EMPLOYEES;KUONI REISEN HLD AG - EMPLOYEES;GOLDBACH GROUP AG - EMPLOYEES;BVZ HOLDING AG - EMPLOYEES;BOBST GROUP SA - EMPLOYEES;COMET HOLDING AG - EMPLOYEES;CICOR TECHNOLOGIES - EMPLOYEES;BONDPARTNERS SA - EMPLOYEES;SWISSCOM - EMPLOYEES;BOSSARD HOLDING AG - EMPLOYEES;BURCKHARDT COMP - EMPLOYEES;BURKHALTER - EMPLOYEES;SCHAFFNER HOLDING AG - EMPLOYEES;CALIDA HOLDING AG - EMPLOYEES;LASTMINUTE.COM NV - EMPLOYEES;SPICE PRIVATE - EMPLOYEES;CEMBRA MONEY BANK AG - EMPLOYEES;CHARLES VOG - EMPLOYEES;FEINTOOL INT HOLDING - EMPLOYEES;LIFEWATCH GMBH - EMPLOYEES;CHOCO LINDT & SPRUEN - EMPLOYEES;CIE FINANC TRADITION - EMPLOYEES;CHOCO LINDT & SPRUEN - EMPLOYEES;CIBA HOLDING AG - EMPLOYEES;CLARIANT AG - EMPLOYEES;GIVAUDAN SA - EMPLOYEES;COLTENE HOLDING - EMPLOYEES;SWISSQUOTE GROUP - EMPLOYEES;KOMAX HOLDING AG - EMPLOYEES;COSMO PHARMA - EMPLOYEES;SCHWEITER TECH AG - EMPLOYEES;INFRANOR INTER AG - EMPLOYEES;CREALOGIX HOLDING - EMPLOYEES;CARLO GAVAZZI AG - EMPLOYEES;CREDIT SUISSE GROUP - EMPLOYEES;BYSTRONIC - EMPLOYEES;INFICON HOLDING AG - EMPLOYEES;KUROS BIOSCIENCE - EMPLOYEES;ZURICH INSURANCE - EMPLOYEES;MOBIMO HOLDING AG - EMPLOYEES;DAETWYLER HOLDING AG - EMPLOYEES;DATACOLOR AG - EMPLOYEES;DOTTIKON ES HOLDING - EMPLOYEES;TX GROUP - EMPLOYEES;DUFRY AG - EMPLOYEES;DKSH HOLDING AG - EMPLOYEES;EDIPRESSE SA - EMPLOYEES;EDISUN POWER - EMPLOYEES;EFG INTERNATIONAL - EMPLOYEES;ST GALLER KANT - EMPLOYEES;FLUGHAFEN ZURICH AG - EMPLOYEES;TORNOS HOLDING AG - EMPLOYEES;EMMI AG - EMPLOYEES;LUZERNER KANTONAL - EMPLOYEES;EMS-CHEMIE HOLDING - EMPLOYEES;LEONTEQ AG - EMPLOYEES;DORMAKABA HOLDING - EMPLOYEES;NOVARTIS - EMPLOYEES;SYNGENTA AG - EMPLOYEES;ROCHE HOLDING AG - EMPLOYEES;TECAN GROUP AG - EMPLOYEES;ENERGIEDIENST HLDG - EMPLOYEES;VIFOR PHARMA AG - EMPLOYEES;GAM HOLDING AG - EMPLOYEES;HOLCI - EMPLOYEES;GEBERIT AG - EMPLOYEES;THE SWATCH GROUP - EMPLOYEES;MYRIAD GROUP - EMPLOYEES;THE SWATCH GROUP - EMPLOYEES;AEVIS VICTORIA - EMPLOYEES;GROUPE MINOTERIES SA - EMPLOYEES;KUDELSKI SA - EMPLOYEES;STRAUMANN HOLDING AG - EMPLOYEES;LUMX GROUP LTD - EMPLOYEES;VONTOBEL HOLDING AG - EMPLOYEES;GLARNER KANT - EMPLOYEES;TEMENOS AG - EMPLOYEES;HELVETIA HOLDING - EMPLOYEES;GLOBAL NATURAL RES - EMPLOYEES;HOCHDORF HOLDING AG - EMPLOYEES;SONOVA HOLDING AG - EMPLOYEES;GOLAY BUCHEL HOLDING - EMPLOYEES;GOLAY BUCHEL HOLDING - EMPLOYEES;HUBER+SUHNER AG - EMPLOYEES;HIAG IMMOBILIEN - EMPLOYEES;LONZA GROUP AG - EMPLOYEES;SKAN GROUP AG - EMPLOYEES;IMPLENIA AG - EMPLOYEES;SIEGFRIED HOLDING AG - EMPLOYEES;HARWANNE CIE - EMPLOYEES;VALIANT HOLDING - EMPLOYEES;SWISS LIFE HOLDING - EMPLOYEES;INTERSHOP HOLDING AG - EMPLOYEES;JUNGFRAUBAHN - EMPLOYEES;INTL MINERALS CORP - EMPLOYEES;PSP SWISS PROPERTY - EMPLOYEES;IVF HARTMANN HLDG - EMPLOYEES;JULIUS BAER - EMPLOYEES;YPSOMED HOLDING AG - EMPLOYEES;WAADT VERSICHERUNGEN - EMPLOYEES;KARDEX HOLDING - EMPLOYEES;JELMOLI HOLDING AG - EMPLOYEES;MICRONAS SEM - EMPLOYEES;LEM HOLDING SA - EMPLOYEES;SWISSLOG HOLDING AG - EMPLOYEES;PARGESA HOLDING SA - EMPLOYEES;KUEHNE UND NAG - EMPLOYEES;LECLANCHE SA - EMPLOYEES;PARTNERS GR - EMPLOYEES;SCHINDLER HOLDING AG - EMPLOYEES;LIECHTENSTEIN LANDBK - EMPLOYEES;SCHINDLER HOLDING AG - EMPLOYEES;#ERROR;MOBILEZONE HOLDING - EMPLOYEES;LENZERHEIDE BERGBA - EMPLOYEES;LOGITECH INTERNAT - EMPLOYEES;NORINVEST HOLDING - EMPLOYEES;ROMANDE ENERGIE - EMPLOYEES;LOOSER HOLDING AG - EMPLOYEES;SANTHERA PHARMA - EMPLOYEES;MCH GROUP AG - EMPLOYEES;REPOWER AG - EMPLOYEES;#ERROR;METALL ZUG AG - EMPLOYEES;MEYER BURGER TECH - EMPLOYEES;MINDSET HOLDING AG - EMPLOYEES;VZ HOLDING AG - EMPLOYEES;SF URBAN PROP - EMPLOYEES;U-BLOX HOLDING AG - EMPLOYEES;LALIQUE GROUP - EMPLOYEES;ORASCOM DEVELOPMENT - EMPLOYEES;TECHNOMAG AG - EMPLOYEES;SCHWEIZERISCHE NAT - EMPLOYEES;SULZER AG - EMPLOYEES;NESTLE SA - EMPLOYEES;#ERROR;NEWAVE ENERGY HOLD - EMPLOYEES;NEWRON PHARMA - EMPLOYEES;ZUBLIN IMMOBILIEN - EMPLOYEES;NOBEL BIOCARE HLDG - EMPLOYEES;ZUR ROSE GROUP AG - EMPLOYEES;FUNDAMENTA REAL - EMPLOYEES;RELIEF THERAPEUT - EMPLOYEES;#ERROR;ORIOR AG - EMPLOYEES;#ERROR;PEACH PROPERTY - EMPLOYEES;POENINA HOLDING AG - EMPLOYEES;PETROPLUS HOLDINGS - EMPLOYEES;PRECIOUS WOODS HLDG - EMPLOYEES;PUBLIGROUPE SA - EMPLOYEES;SWISS RE - EMPLOYEES;COMPAGNIE FINAN - EMPLOYEES;UBS AG - EMPLOYEES;ZUG ESTATES - EMPLOYEES;EDMOND DE ROTHSCHILD - EMPLOYEES;MEIER T - EMPLOYEES;#ERROR;QUADRANT AG - EMPLOYEES;TIDER AG - EMPLOYEES;BANK J SAFRA - EMPLOYEES;GATEGROUP HOLDING AG - EMPLOYEES;THURGAUER KANTONAL - EMPLOYEES;SHL TELEMEDICINE - EMPLOYEES;SFS GROUP AG - EMPLOYEES;TRANSOCEAN LTD - EMPLOYEES;BERGBAHNEN TITLIS AG - EMPLOYEES;UBS GROUP AG - EMPLOYEES;MOLECULAR PARTNERS - EMPLOYEES;SNOWCLIFF LTD - EMPLOYEES;SOCIETA ELETTRICA - EMPLOYEES;ZEHNDER GROUP AG - EMPLOYEES;SUNRISE COMMUN - EMPLOYEES;PLAZZA AG - EMPLOYEES;VARIA US PROP - EMPLOYEES;VAT GROUP - EMPLOYEES;SUNSTAR HOLDING AG - EMPLOYEES;#ERROR;#ERROR;INVESTIS HOLDING SA - EMPLOYEES;SIA ABRASIVES - EMPLOYEES;OBSEVA SA - EMPLOYEES;GALENICA AG - EMPLOYEES;#ERROR;#ERROR;SYNTHES INC - EMPLOYEES;LANDIS+GYR GROUP AG - EMPLOYEES;MEDARTIS HOLDING AG - EMPLOYEES;#ERROR;SENSIRION HOLDING AG - EMPLOYEES;KLINGELNBERG AG - EMPLOYEES;ALCON AG - EMPLOYEES;SIG GROUP AG - EMPLOYEES;ALUFLEXPA - EMPLOYEES;USTER TECH - EMPLOYEES;TEC-SEM - EMPLOYEES;VICTORIA-JUNGFRAU - EMPLOYEES;VP BANK AG - EMPLOYEES;MEDACTA GROUP SA - EMPLOYEES;CASSIOPEA - EMPLOYEES;CEVA LOGIS - EMPLOYEES;SOFTWAREONE HOLDING - EMPLOYEES;WEATHERFORD INTERNTL - EMPLOYEES;ACHIKO AG - EMPLOYEES;INA INVEST - EMPLOYEES;V-ZUG HOLDING AG - EMPLOYEES;POLYPEPTIDE - EMPLOYEES;MONTANA AER - EMPLOYEES;WINTERTHUR TECH - EMPLOYEES;MEDMIX AG - EMPLOYEES
1999;300;164154;696;484;388;428;7044;892;67;7124;NA;225;21000;380;NA;776;1140;NA;184;NA;581;644;224;504;500;916;$$ER: 4540,NO DATA VALUES FOUND;NA;1419;14285;11112;1797;NA;NA;NA;1037;2480;3089;11334;NA;544;NA;589;$$ER: 4540,NO DATA VALUES FOUND;326;NA;670;7305;5488;48;818;NA;30614;3219;186;12;NA;NA;596;6427;3387;111;410;2178;6829;1549;1110;134;11262;3878;381;34;1238;NA;0;NA;101;1071;651;2586;2135;NA;542;NA;$$ER: E100,NO WORLDSCOPE DATA FOR THIS CODE;1490;NA;6552;NA;248;4873;NA;153;40;21777;1015;NA;NA;1244;NA;NA;NA;NA;5900;1324;NA;5615;NA;5615;20117;28993;4907;NA;NA;623;NA;296;290;NA;2488;63963;2303;NA;NA;68785;NA;4211;725;NA;NA;NA;NA;3502;NA;NA;NA;404;NA;NA;1025;2713;NA;2147;81854;NA;67695;556;356;1525;2008;39327;4309;17719;NA;17719;NA;136;239;473;NA;728;NA;307;4819;47;NA;1064;1695;1695;3490;NA;5697;NA;NA;1106;NA;583;11119;57;447;NA;168;NA;NA;NA;1285;1259;2220;1229;NA;3507;NA;12605;NA;NA;43559;466;43559;$$ER: E100,NO WORLDSCOPE DATA FOR THIS CODE;30;NA;NA;NA;NA;NA;NA;NA;96;$$ER: 4540,NO DATA VALUES FOUND;1984;NA;952;NA;NA;NA;NA;NA;765;2070;21170;230929;$$ER: 4540,NO DATA VALUES FOUND;NA;NA;NA;1140;NA;NA;NA;$$ER: 4540,NO DATA VALUES FOUND;NA;$$ER: 4540,NO DATA VALUES FOUND;NA;NA;NA;NA;2869;9010;NA;49058;NA;683;1496;$$ER: 4540,NO DATA VALUES FOUND;359;NA;567;NA;NA;321;NA;7300;250;49058;NA;480;193;1936;NA;NA;NA;NA;NA;$$ER: 4540,NO DATA VALUES FOUND;$$ER: 4540,NO DATA VALUES FOUND;NA;NA;NA;NA;$$ER: E100,NO WORLDSCOPE DATA FOR THIS CODE;$$ER: 4540,NO DATA VALUES FOUND;2769;NA;NA;$$ER: 4540,NO DATA VALUES FOUND;NA;NA;NA;7185;NA;NA;NA;217;497;NA;NA;NA;NA;12200;NA;NA;NA;NA;NA;NA;NA
2000;312;160818;748;771;339;435;7873;444;227;9154;NA;228;30000;354;575;795;986;NA;194;30;799;570;242;606;650;916;;NA;1571;14656;8670;1913;NA;NA;NA;890;2882;3827;10768;NA;230;NA;584;;376;NA;693;8425;5556;56;853;NA;30555;5158;340;13;NA;NA;1353;6279;3435;109;463;2243;5832;1305;1194;122;12232;3916;447;67;1266;NA;0;NA;105;1117;669;2460;2030;NA;605;NA;;1467;NA;7946;NA;271;5066;257;163;39;20604;1530;NA;NA;1586;1328;NA;0;NA;7098;1635;357;5871;NA;5871;20306;31546;5075;NA;160;719;NA;1397;NA;127;2503;80538;2402;691;NA;72930;NA;4286;750;NA;1924;NA;NA;3849;NA;NA;1123;1276;NA;NA;1066;2751;NA;2757;67653;24921;64758;690;316;2155;2286;44316;4309;19748;NA;19748;166;141;425;539;NA;898;NA;597;5022;72;NA;1279;1900;1900;4254;NA;5987;NA;NA;1066;NA;584;12481;47;465;NA;164;493;NA;NA;1253;1714;2239;1466;749;3660;NA;13765;286;NA;43334;461;43334;;25;NA;NA;NA;733;NA;NA;308;97;;1993;NA;862;NA;NA;NA;NA;NA;800;2043;22097;224541;;NA;NA;NA;1196;NA;NA;NA;;NA;;NA;NA;NA;345;4316;9585;NA;71076;NA;811;1450;;415;40;711;NA;NA;339;NA;15600;NA;71076;NA;540;184;2192;NA;NA;NA;NA;NA;;;NA;959;NA;NA;;;3140;NA;NA;;NA;NA;NA;7286;NA;NA;NA;363;563;NA;NA;NA;NA;11900;NA;NA;NA;NA;NA;NA;NA
2001;123;156865;933;557;349;449;8029;NA;410;7241;NA;236;30000;380;585;796;998;NA;197;28;844;560;219;755;712;916;;NA;1355;14935;9685;1829;NA;NA;NA;888;3240;4004;10130;NA;234;NA;777;;468;NA;703;8623;5762;62;864;NA;30625;4911;398;10;NA;NA;1415;5673;2770;113;491;2393;5145;1501;1224;116;12977;3968;520;90;1286;NA;0;NA;110;1080;681;2358;1410;NA;658;NA;;1866;NA;8301;NA;274;5047;271;159;37;21328;1366;NA;NA;1746;1294;NA;0;NA;8543;1879;475;6068;NA;6068;19683;28904;5325;NA;158;698;NA;1093;339;141;2708;80161;2513;694;97;76630;NA;4291;724;NA;1982;NA;NA;3000;NA;NA;1083;1215;1283;NA;1073;2731;NA;6835;71116;22791;63717;915;326;2560;2399;47362;4144;19665;NA;19665;108;160;1173;673;NA;975;NA;1259;4789;67;NA;2122;1746;1746;3777;NA;4902;NA;NA;1010;5272;584;12800;45;468;NA;173;501;NA;NA;1268;2132;2533;1466;910;3816;NA;17412;320;NA;41524;487;41524;;262;NA;NA;NA;721;NA;NA;319;208;;2002;NA;493;NA;NA;NA;NA;NA;1145;2294;9916;229765;;NA;NA;5;1328;NA;NA;NA;;NA;;NA;NA;NA;950;3674;8623;11109;69985;NA;900;1400;;1330;NA;852;NA;NA;369;NA;12100;NA;69985;NA;570;177;2267;NA;NA;NA;NA;NA;;;NA;1066;NA;NA;;;3470;NA;NA;;NA;NA;NA;9182;NA;NA;NA;387;575;NA;NA;NA;NA;14500;NA;NA;NA;NA;NA;NA;NA
2002;145;139051;861;542;323;448;8508;NA;535;6544;NA;247;29000;395;617;828;1263;317;197;11;849;664;208;690;732;853;;NA;1112;13737;9558;3378;NA;NA;NA;847;3149;3935;7304;14;NA;12463;680;;479;NA;730;8703;5994;53;857;NA;32008;7583;427;10;NA;NA;1416;3844;3042;109;932;2679;5715;1497;1118;124;12983;4040;466;99;1279;NA;0;NA;115;1189;680;2806;2160;NA;717;NA;;1999;NA;7938;NA;235;5062;260;133;40;20470;1316;NA;NA;1640;996;NA;0;NA;8287;1657;382;6184;1750;6184;19007;27849;5844;NA;85;680;NA;917;290;114;1198;78457;2831;703;109;67824;NA;4334;700;NA;2007;3074;NA;3485;NA;NA;1081;1286;782;NA;1040;2702;NA;6294;72877;22364;69659;872;763;3035;2274;51115;4436;20327;53;20327;84;192;1220;750;NA;938;NA;1179;4825;59;NA;2416;1593;1593;2865;NA;6216;NA;NA;1019;4752;1079;11941;38;506;NA;179;486;NA;422;1237;2034;2605;1687;928;3373;NA;17689;226;NA;39918;493;39918;;590;NA;NA;NA;709;NA;NA;320;215;;1980;NA;343;NA;NA;NA;NA;NA;1115;2193;9113;254199;;NA;NA;9;1330;NA;NA;NA;;NA;;NA;NA;NA;1325;2953;8287;14033;69061;NA;961;1903;;1341;43;1281;NA;NA;1389;NA;13200;NA;69061;NA;553;176;2526;NA;NA;NA;NA;400;;;NA;1075;NA;NA;;;3803;NA;NA;;NA;NA;NA;9402;NA;NA;NA;354;549;NA;NA;NA;NA;15700;NA;NA;NA;NA;NA;576;NA
2003;243;116464;808;634;270;433;8638;256;681;6456;NA;255;28000;394;652;1013;1287;360;192;2;843;648;207;638;735;853;;NA;974;13247;8995;3382;NA;NA;NA;829;3053;3879;4842;15;NA;12344;593;;495;NA;705;8745;5957;57;837;NA;33006;7837;453;10;NA;NA;1362;2043;3159;108;968;2483;5585;1448;755;120;13316;3931;462;103;1278;NA;0;42;112;905;633;2744;2180;330;774;NA;;2032;330;6425;NA;NA;5093;245;126;40;19207;1350;NA;NA;1856;861;NA;0;NA;7845;1769;355;6011;1830;6011;18658;27008;5981;1102;101;707;NA;782;291;117;1033;60837;2838;703;109;58667;35;4301;654;NA;1825;3020;NA;3734;NA;551;1131;1425;688;2521;1007;2637;NA;5996;78541;21457;65357;812;761;3506;1766;48200;4412;20700;104;20700;90;192;1400;903;NA;909;NA;1224;4788;67;NA;2385;1550;1550;2466;NA;5659;NA;NA;1041;4829;1054;10015;41;509;NA;174;479;NA;537;1172;2001;2680;1755;994;2336;NA;19004;187;100;39617;486;39617;;378;NA;4936;NA;733;NA;90;298;235;;1991;NA;153;NA;NA;NA;NA;NA;1123;2306;8999;253000;;NA;37;3;1363;NA;NA;NA;;NA;;NA;NA;NA;1773;2779;7949;14978;65929;NA;1012;1779;;1297;17;1110;NA;NA;1207;NA;11900;NA;65929;NA;545;174;2543;NA;NA;NA;NA;400;;;NA;1096;NA;NA;;;4290;NA;NA;;NA;NA;NA;9014;NA;NA;NA;336;543;NA;NA;NA;NA;16700;NA;NA;NA;NA;NA;572;NA
2004;201;102537;819;622;339;434;9218;362;850;6844;48;254;30000;427;656;1108;959;442;196;117;816;663;232;646;815;834;;NA;602;12324;8440;4608;NA;NA;NA;773;1118;4161;3877;18;0;13224;509;;508;NA;676;8090;5795;58;878;NA;38728;8933;472;9;NA;NA;1354;1965;1698;105;1025;2423;5540;1433;807;116;13557;3540;601;113;1274;0;0;53;80;942;628;2639;2586;322;815;39;;2130;322;6719;NA;NA;5812;339;242;35;15477;1490;NA;NA;2136;689;NA;0;NA;7283;1777;398;6293;1860;6293;19338;24769;5901;1125;117;705;NA;822;284;107;999;60532;2891;729;114;53246;34;4480;669;NA;1518;3950;NA;3636;NA;596;967;1478;698;2628;1105;2459;NA;5867;81392;19536;64703;865;702;3434;1840;46170;5516;20949;162;20949;98;212;1439;1104;NA;969;NA;1179;4717;30;NA;2689;1520;1520;2601;NA;5668;NA;NA;968;4506;1009;9419;43;516;NA;193;453;NA;764;1154;1988;2637;1970;954;1858;NA;21193;135;108;39443;486;39443;;309;NA;5860;NA;761;NA;67;342;420;;2034;NA;143;NA;NA;33;NA;NA;1120;2075;9586;247000;;46;43;10;1430;NA;NA;NA;;NA;;NA;NA;666;1627;2829;8359;14871;67424;NA;1149;1834;;1320;223;1145;NA;NA;1266;NA;8600;NA;67424;NA;594;173;2529;NA;NA;NA;NA;NA;;;NA;1003;NA;NA;;;6711;NA;NA;;NA;NA;NA;6671;NA;NA;NA;368;602;NA;NA;NA;NA;18400;NA;NA;NA;NA;NA;581;NA
2005;141;103500;856;814;239;426;9702;377;1028;6434;60;248;35284;414;671;1129;850;512;196;209;809;662;238;604;839;840;;21;623;12403;7454;4803;NA;NA;NA;832;996;3753;2590;47;0;13583;510;;540;NA;598;7548;6836;57;854;NA;43517;8542;482;8;198;240;1348;1863;983;104;1000;2349;5538;1441;768;84;14652;3326;683;165;5389;0;0;58;80;977;614;2405;2564;313;967;1;;2120;313;6931;70;NA;5587;334;720;36;16088;1624;NA;NA;2095;1377;NA;0;NA;7258;1890;377;6652;NA;6652;19105;23383;5924;1150;127;886;NA;973;283;250;1037;63523;3280;713;131;52010;33;4626;688;NA;1839;4419;NA;3872;NA;1053;957;1470;NA;2765;951;2055;NA;5754;90924;19300;68218;1047;688;2460;3427;59901;5162;20650;306;20650;88;208;1618;1342;NA;972;NA;1373;4619;17;NA;2926;940;940;2751;NA;5984;0;6036;913;4934;960;8979;30;502;NA;186;423;NA;894;1281;2073;2667;2272;696;1841;16951;25607;126;126;40385;588;40385;;317;NA;6898;NA;738;757;67;327;480;;1956;187;55;NA;NA;40;21;NA;1120;2042;9656;250000;;63;33;10;1648;NA;NA;NA;;NA;;NA;NA;682;1741;2852;8882;15030;69569;NA;1225;1763;;2396;191;1134;NA;NA;885;NA;9600;NA;69569;NA;618;170;2500;NA;NA;NA;NA;NA;;;NA;1103;NA;NA;;;7627;NA;NA;;NA;NA;NA;4776;NA;NA;300;354;614;NA;NA;NA;NA;25100;NA;NA;NA;NA;NA;605;NA
2006;68;108000;983;843;199;429;11309;261;1252;19267;60;241;35000;379;664;1121;884;711;199;233;802;768;265;100;930;833;;NA;2047;12385;7185;4760;NA;NA;NA;843;967;4194;2082;60;0;14304;489;;609;NA;639;7459;6882;56;834;NA;48106;8236;481;9;196;251;1389;1951;998;105;1000;2390;5800;1433;879;NA;14826;3234;729;85;9840;0;0;60;75;1165;636;3137;1279;296;1047;0;;2448;296;8015;187;NA;5267;380;716;36;17068;1818;640;NA;2244;1393;NA;0;NA;7370;1742;429;7044;NA;7044;14130;21748;6056;1206;156;978;NA;975;269;295;1126;44871;3273;795;NA;52286;40;4510;711;NA;1893;6526;NA;3683;NA;1477;972;1523;NA;3300;955;2061;NA;5657;100735;19500;74372;1087;698;2660;3684;88783;5269;21268;304;21268;609;199;NA;1534;78;1151;NA;1726;4595;12;NA;3428;804;804;3167;NA;6146;0;5942;967;3711;925;8693;45;484;NA;197;373;2036;1139;1207;1832;2592;2174;701;1813;15816;46290;114;156;43679;645;43679;;349;NA;7208;NA;721;792;53;361;538;;2021;284;NA;306;NA;53;24;NA;937;1884;10393;265000;;88;32;11;1993;NA;NA;NA;;NA;;NA;NA;925;1608;2783;10891;15741;78140;NA;1307;1802;;2423;276;1124;NA;NA;NA;NA;10700;NA;78140;NA;951;170;2950;NA;NA;NA;NA;NA;;;NA;1092;NA;NA;;;8451;NA;NA;;NA;NA;NA;4675;NA;NA;400;251;655;NA;NA;NA;NA;33000;NA;NA;NA;NA;NA;612;NA
2007;60;112000;1071;863;163;482;11516;320;NA;19896;79;235;37000;754;656;1379;845;756;200;282;795;819;280;85;994;997;;NA;1987;12986;6495;5843;NA;NA;NA;848;912;4891;1813;131;0;15301;505;;651;NA;682;7714;7261;48;739;NA;52542;7592;296;9;250;254;1409;2086;1087;108;1000;2045;6040;1457;801;NA;15506;3341;722;87;11272;0;0;50;78;1275;634;3099;1508;327;1164;2;;2615;327;9657;189;NA;5428;654;890;31;19844;1773;712;NA;2375;1296;NA;0;NA;7811;1801;463;7793;NA;7793;13319;20931;8776;1227;213;1050;125;956;298;286;1192;48100;3444;891;NA;58220;51;4340;781;NA;2639;7094;NA;3387;NA;1864;1007;1319;NA;3350;968;2231;NA;9265;98200;21200;78604;1102;694;3110;4099;89364;5344;23577;295;23577;635;164;2572;1955;123;1254;NA;2307;4607;30;NA;4023;130;130;3497;NA;7711;0;5698;867;3162;914;8556;44;495;110;82;344;2325;1211;1167;1883;1300;2098;888;2060;NA;51075;75;224;45208;943;45208;;453;62;7431;NA;NA;1597;72;479;563;;2251;379;NA;381;NA;73;27;NA;1009;1721;11599;276000;;143;38;16;2242;NA;NA;NA;;1006;;NA;NA;1827;2387;2973;11702;16321;83560;NA;1438;1770;;2451;299;1170;NA;NA;360;NA;21100;NA;83560;NA;1108;173;3075;NA;NA;NA;NA;NA;;;NA;1146;NA;NA;;;9070;NA;NA;;NA;NA;NA;NA;NA;NA;66;NA;731;NA;NA;NA;NA;38000;NA;NA;NA;NA;NA;1456;NA
2008;3;120000;1129;816;156;485;12900;380;1900;19142;135;239;34312;380;662;2838;858;717;188;275;675;825;281;81;1072;999;;NA;1658;14326;6523;6131;NA;NA;NA;845;721;4946;1823;256;0;14804;535;;748;NA;782;9233;8373;38;489;NA;57301;7281;310;10;300;264;1452;3448;1126;104;1100;1914;6563;1409;693;NA;14183;6810;723;NA;11184;0;0;44;79;1315;652;3056;1581;332;1350;2;;2781;332;9588;386;NA;5939;671;1449;28;19943;1666;819;NA;2318;1276;NA;1;NA;7888;1820;NA;7712;2450;7712;12467;20102;8772;751;236;1138;131;510;299;324;1204;47800;3718;876;NA;57609;51;4712;326;NA;2513;11297;NA;3050;NA;2455;1098;1254;NA;3373;988;2165;NA;9093;96717;24100;80080;1116;672;3431;4335;86713;5697;24270;405;24270;523;168;NA;2201;120;1320;NA;2994;4591;NA;NA;4746;98;98;3614;NA;8462;NA;5192;825;2;940;8184;58;509;175;81;341;2851;1210;1187;2028;1239;1756;935;2239;NA;53823;72;344;45063;943;45063;;542;NA;NA;NA;NA;1610;81;483;684;;2966;630;NA;422;0;94;557;NA;999;1775;12726;283000;;163;48;26;2541;NA;NA;NA;;1309;;NA;NA;2882;2261;3003;11560;18275;77783;NA;1587;1650;;2407;254;1537;NA;NA;367;NA;21600;NA;77783;NA;1179;181;2990;NA;NA;NA;NA;NA;;;NA;NA;NA;NA;;;9947;NA;NA;;NA;NA;NA;NA;NA;NA;65;NA;776;NA;NA;NA;NA;50000;NA;NA;NA;NA;NA;1507;NA
2009;29;116000;1087;978;2;491;12369;420;2260;16369;144;248;28508;394;796;2573;869;721;196;247;689;782;263;59;1056;968;;NA;1473;12481;6522;5792;NA;NA;9344;778;661;4719;2162;302;0;13570;488;;760;NA;783;9391;7183;31;475;NA;58818;7525;320;12;300;265;1464;3109;959;106;1027;1939;5958;1699;640;NA;12761;6561;702;103;9904;0;0;NA;81;1206;625;3000;2020;207;1429;876;;2862;207;8669;443;NA;5488;611;1201;34;19479;1355;916;NA;1808;1340;NA;1;685;7729;1528;678;7409;2530;7409;NA;17536;8501;767;236;987;134;3550;177;279;1040;47600;3551;807;NA;56668;74;4483;254;473;2358;11209;20744;1457;9;2394;1124;1302;848;3525;999;2106;129;7660;99834;26688;81507;1122;774;5373;NA;81498;5608;23562;778;23562;547;165;NA;2170;120;1361;NA;3416;4511;NA;NA;5339;NA;NA;3592;14;8386;0;5115;823;NA;1068;7820;61;498;205;80;356;3078;1209;1180;1899;NA;930;871;2044;NA;60538;84;361;43437;1054;43437;;523;NA;6348;NA;NA;1600;53;479;656;;3016;738;NA;431;0;164;34;18481;NA;1862;12183;278000;;182;50;27;2242;NA;NA;NA;;1271;;37;NA;2845;1706;2618;10552;19571;65233;NA;1614;1575;;NA;NA;1557;21646;760;383;NA;19300;NA;65233;NA;1111;180;2867;NA;NA;NA;NA;NA;;;NA;NA;NA;NA;;;10705;NA;NA;;NA;NA;NA;NA;NA;449;NA;NA;720;NA;NA;NA;NA;52000;NA;NA;NA;NA;NA;1328;NA
2010;55;116500;1119;713;1;496;13482;443;2441;16657;108;244;32108;403;700;2470;848;805;197;245;700;705;261;NA;1103;941;;NA;1479;12908;6455;5791;NA;96;9350;750;659;5929;2093;407;NA;14136;444;;698;8409;739;8793;7899;38;400;NA;63224;7550;313;13;300;252;1374;2969;902;NA;1046;1986;5943;1259;633;NA;12804;6488;711;96;10000;1;0;NA;82;1255;600;2975;1919;210;1377;602;;2862;210;9048;788;NA;5121;721;1306;33;19547;1393;891;NA;2393;1376;NA;4;704;7345;1489;645;7572;2400;7572;NA;16176;8618;786;279;1023;138;3704;179;233;975;50100;3322;843;81;54934;75;4708;258;446;2382;11892;22586;1422;NA;2462;1133;1292;NA;3701;974;2256;204;7848;119418;26200;80653;1059;770;5535;757;80310;5820;25197;518;25197;832;164;3068;2361;110;1346;180;4261;4923;NA;NA;6843;NA;NA;4062;24;8280;1;5424;696;NA;1064;7483;56;485;108;82;354;3578;1199;1174;2122;NA;873;970;2043;NA;66045;92;447;43010;1087;43010;;556;NA;9944;91;674;1682;45;578;651;;3045;1276;NA;432;0;204;33;17119;NA;1948;13740;281000;;202;39;26;2433;NA;NA;NA;;1273;;34;NA;2575;1557;2349;10362;19137;64617;NA;1649;1549;;NA;NA;1642;22616;725;389;NA;18050;NA;64617;NA;999;181;2945;NA;NA;NA;NA;NA;;;NA;NA;NA;NA;;;11426;NA;NA;;NA;NA;NA;NA;NA;445;NA;NA;727;NA;NA;NA;NA;55000;NA;NA;NA;NA;NA;1369;NA
2011;55;133600;1193;786;NA;441;15254;495;2570;17227;81;256;33000;404;723;2491;852;944;220;NA;658;661;297;NA;1172;853;;NA;3082;13606;5801;6000;NA;110;12638;722;651;6152;1801;297;NA;15700;461;;704;9435;1420;9137;10136;33;404;NA;71220;5972;198;13;300;258;1347;2858;972;NA;1048;2042;4875;1214;10;NA;4695;6059;706;85;10332;1;NA;NA;NA;1340;584;2971;2182;239;1298;547;;2880;239;12104;540;602;5343;734;1372;31;20061;1493;917;NA;2702;1420;273;4;699;7279;1360;528;7779;2500;7779;NA;22149;8913;892;357;1140;159;3092;208;233;1002;49700;3576;909;NA;52648;84;5013;278;422;3330;13874;24342;NA;NA;2547;1135;1321;NA;3890;944;2242;243;7755;123686;26300;80129;1107;760;5926;1078;80967;6004;28028;477;28028;814;178;2999;2452;97;1413;176;3940;4909;NA;NA;7840;NA;NA;3867;42;11001;3;5648;715;NA;1073;7168;58;493;110;84;345;3643;1056;1149;2124;NA;879;1215;2084;NA;71884;113;574;44387;1105;44387;;548;NA;11000;72;687;1754;33;629;709;;3261;2791;NA;481;0;229;430;18000;NA;1874;17002;328000;;NA;31;27;2472;NA;NA;NA;;1257;;35;NA;NA;1511;2173;10788;21387;64820;NA;1732;1627;;NA;NA;1715;26855;731;335;4117;18700;NA;64820;NA;NA;172;3094;1763;NA;NA;NA;400;;;NA;NA;NA;NA;;;12005;NA;NA;;NA;NA;NA;NA;NA;498;NA;NA;738;NA;NA;NA;NA;61000;NA;NA;NA;NA;NA;NA;NA
2012;64;146100;1282;756;113;445;15233;836;2433;12708;56;239;32000;393;755;2239;847;894;231;5;654;652;378;NA;1227;849;;NA;2990;13412;5962;5926;NA;82;12931;723;545;5722;1771;299;NA;15608;357;;645;9820;1644;8795;10166;24;410;NA;79268;6100;680;12;200;270;1347;2727;1093;NA;971;1931;5000;1207;NA;12;4720;6469;682;83;10278;1;NA;NA;NA;1420;530;3000;1733;239;1252;1239;;3037;239;12090;552;601;NA;770;1512;31;19514;1812;983;2827;2569;1586;532;4;710;6743;1908;492;8157;2350;8157;NA;21202;9124;899;366;1330;160;2413;207;201;1018;47400;3627;940;21;52722;85;6623;311;422;3471;14361;25882;NA;13;2260;1151;1365;NA;5074;940;2371;270;7430;127724;27400;82089;1107;761;7289;1098;78103;6134;29788;509;29788;1435;183;NA;2517;112;1383;182;3700;5215;NA;356;8223;NA;NA;3879;45;10789;4;5886;832;NA;986;7046;57;513;184;84;367;3721;1026;1186;2062;NA;893;1136;2118;NA;72399;117;625;45246;1245;45246;;741;NA;9000;NA;685;1829;23;593;746;;3233;2186;NA;530;0;372;436;14750;NA;1880;17936;339000;;NA;23;26;2496;746;NA;NA;;1273;;34;NA;NA;NA;1702;10788;24609;62628;NA;1755;2018;;NA;NA;1737;26614;771;334;7000;18400;NA;62628;NA;NA;174;3135;1793;NA;NA;NA;400;;;NA;NA;NA;NA;;;NA;NA;NA;;NA;NA;NA;NA;NA;NA;NA;NA;766;NA;NA;NA;NA;70000;NA;NA;NA;NA;NA;NA;NA
2013;15;147700;1394;NA;NA;517;16293;NA;2396;12860;5;230;31000;398;741;1720;827;866;219;5;657;596;371;NA;1314;859;;NA;3240;14066;5750;6910;NA;103;15595;725;445;5839;1586;217;NA;16010;313;;649;9613;1667;7805;10916;23;400;14;80510;8658;684;14;200;NA;1340;2551;1109;119;1041;1987;5047;1171;NA;NA;4793;6606;682;80;10095;NA;NA;NA;NA;1488;534;3014;2007;241;1252;3115;;3138;241;11478;498;631;NA;911;1912;31;20108;1842;NA;2876;2817;3116;587;0;700;6712;2118;544;8949;2300;8949;NA;18099;9331;942;507;1381;163;2329;208;256;1006;46000;3548;942;29;55102;96;7500;331;440;3382;16423;26693;NA;NA;1989;1133;1478;570;5217;944;2670;291;7428;135696;29000;86858;1184;792;10085;1072;70857;6226;31114;317;31114;1858;219;3078;2217;110;1338;194;3500;5204;NA;383;8952;NA;NA;3503;33;9935;NA;6435;917;NA;996;6992;58;510;31;79;374;5390;971;1233;1447;NA;912;1137;2225;NA;62744;105;700;48169;925;48169;;828;NA;7700;117;673;2292;12;602;737;;3507;1781;NA;674;NA;447;550;11535;NA;1918;15382;333000;;NA;1;29;2487;736;0;NA;;1300;;33;NA;NA;NA;1565;11574;27666;60205;154;1777;NA;;NA;NA;NA;27393;777;450;7000;15100;NA;60205;80;NA;NA;3283;1793;NA;NA;NA;NA;;;184;NA;NA;NA;;;NA;NA;NA;;NA;NA;NA;NA;NA;NA;NA;NA;706;NA;NA;NA;NA;67000;NA;NA;NA;NA;NA;NA;NA
2014;NA;140400;1636;11;NA;516;16895;NA;NA;15656;5;196;31000;395;868;1603;805;NA;216;5;636;580;348;NA;1388;860;;NA;3836;14140;4435;6057;NA;144;18733;710;417;6207;1696;215;0;15639;313;;711;10681;1617;7617;11554;23;410;14;84246;9319;659;15;230;NA;1294;2268;1162;121;982;1946;5161;1137;NA;NA;5004;6299;683;80;NA;NA;0;NA;NA;1800;513;2985;2135;NA;1378;3097;;3172;NA;11934;439;633;4841;986;1852;NA;21125;1926;NA;2907;3140;3000;643;0;702;6858;1987;580;10712;2200;10712;NA;17003;9704;909;532;1498;178;2764;NA;282;1019;45800;3337;953;8;54551;103;7145;370;440;3417;19946;27550;NA;NA;2059;1071;1450;630;5207;948;2865;361;8064;133413;30288;88509;1265;812;10226;1094;67584;6247;34492;172;34492;2513;217;3304;2387;133;1338;200;4000;7012;NA;364;9529;NA;NA;3891;42;9809;NA;5777;1374;NA;987;7492;57;519;NA;78;372;5247;958;1258;1480;NA;929;1327;2372;NA;74497;114;711;NA;893;NA;;843;NA;6289;NA;673;2255;15;612;696;;3626;1752;NA;708;NA;614;557;9381;NA;NA;15494;339000;;NA;1;24;NA;702;NA;NA;;1260;;28;NA;NA;NA;NA;12224;29101;60155;157;1681;907;;NA;NA;NA;27762;714;448;8688;13100;NA;60155;81;NA;NA;3185;1985;10;NA;NA;NA;;;806;NA;15;4514;;;NA;NA;NA;;NA;NA;NA;NA;NA;NA;NA;NA;695;NA;NA;NA;NA;56000;NA;NA;NA;NA;NA;NA;NA
2015;NA;135800;1921;NA;NA;533;17281;NA;NA;13723;8;192;32000;402;884;1482;792;NA;225;10;760;570;312;NA;1409;858;;NA;3488;14424;4349;6186;NA;163;18800;773;389;6204;1658;NA;0;14774;310;;859;11423;1573;7387;11072;NA;NA;14;87962;9430;NA;12;250;NA;1284;2002;1181;116;893;1947;5222;1091;NA;NA;5077;8148;722;90;8910;NA;0;NA;NA;1900;455;3228;2094;NA;1436;4446;;3993;NA;8117;412;650;4907;1095;1958;NA;21637;2018;1385;3007;3143;3000;1129;0;715;6209;2049;612;13180;2175;13180;NA;17213;9907;888;524;1580;183;4689;NA;354;1020;48200;3479;959;4;54335;108;7159;388;458;3366;28853;28340;NA;NA;2169;1065;1474;657;5405;943;2855;463;8948;118700;29688;91747;1368;838;10397;1074;100956;12126;36313;180;36313;2587;209;3459;3471;92;1494;205;4400;6675;NA;620;10184;NA;NA;3649;47;9829;NA;7445;2238;NA;926;7595;55;525;NA;81;383;5364;1013;1315;1509;NA;915;1355;NA;NA;80056;159;780;56762;876;56762;;918;NA;6900;NA;689;2131;53;618;662;;3812;1525;NA;812;NA;736;597;NA;NA;NA;14253;335000;;NA;1;15;NA;716;NA;NA;;1228;;27;NA;NA;NA;NA;12767;28324;NA;152;1771;774;;NA;NA;NA;28865;731;NA;8330;9100;NA;60099;89;NA;NA;3073;1701;13;NA;1189;NA;;;878;NA;21;4628;;;NA;NA;NA;;NA;NA;NA;5010;NA;NA;NA;NA;798;NA;7;41144;NA;39500;NA;NA;NA;NA;NA;NA;NA
2016;NA;132300;2175;NA;NA;524;17419;NA;NA;13840;7;194;33000;401;895;1341;765;NA;245;NA;657;554;276;123;1440;985;;NA;3667;14808;4228;6325;7343;177;19857;791;375;6252;1188;NA;2;14217;NA;;979;11725;1524;6664;11175;NA;NA;18;92269;9898;NA;12;240;NA;1229;1703;1249;116;881;1943;5346;1009;NA;NA;5022;9781;712;120;8877;NA;0;NA;NA;2000;442;3243;2156;NA;1496;4558;;5007;NA;NA;330;662;5055;1230;NA;NA;21127;2179;1432;3038;3127;2906;1170;0;705;NA;2239;640;13539;2150;13539;NA;17442;10476;864;550;1633;217;4332;NA;414;1014;47170;4098;990;16;52473;136;7068;364;495;3296;28848;30318;NA;NA;3572;1056;1523;631;5779;980;2897;510;15786;118393;28729;94052;1447;845;8661;979;90903;11592;35705;146;35705;2856;197;3801;3797;58;1674;219;4356;6481;NA;630;10894;NA;NA;4031;49;10130;NA;7388;2315;NA;1177;9086;69;536;NA;84;376;6026;1116;1334;1552;NA;NA;1509;NA;NA;85887;250;864;58271;974;58271;;878;NA;5900;NA;684;2266;75;588;593;;3919;1435;NA;892;2;836;613;NA;NA;NA;14005;328000;;NA;1;12;NA;752;NA;NA;;1618;;30;366;NA;NA;NA;14053;28810;NA;130;1776;774;;NA;NA;NA;NA;720;NA;9021;5000;NA;59387;105;NA;NA;3265;1765;12;0;1439;NA;;;919;NA;27;4657;;;NA;NA;351;;NA;1152;18647;5004;NA;NA;NA;NA;804;713;9;42158;2827;30000;NA;NA;NA;NA;NA;NA;NA
2017;NA;134800;11168;NA;NA;536;18484;NA;NA;14962;8;185;34000;395;826;1399;764;NA;241;10;673;519;259;166;1532;1019;;NA;3870;15835;4265;8139;7748;149;20239;748;392;6759;1223;NA;12;14355;NA;;1057;12133;1503;6655;12108;NA;323;NA;95745;10528;504;12;230;NA;1244;1536;1275;116;867;1922;5559;1016;NA;NA;5246;10578;729;100;8939;NA;0;NA;NA;2100;446;3257;2198;NA;1506;4868;;5864;NA;NA;318;657;5397;1435;1924;NA;20506;2290;2107;3011;3487;2936;1253;0;735;NA;2485;NA;13949;2225;13949;NA;18135;11170;885;593;1841;301;3786;NA;417;1016;46840;4717;1028;15;51633;141;7469;382;544;3261;29879;31973;NA;NA;3366;1060;1713;668;6147;988;2912;440;16965;121597;28596;93734;1482;994;2650;927;81960;11709;35360;NA;35360;2887;193;3940;4881;NA;1688;211;4559;6592;NA;695;14089;NA;NA;4200;56;14618;NA;8391;2260;NA;1247;9359;68;542;NA;81;388;6292;1314;1574;1653;NA;NA;1601;NA;NA;92372;250;970;61019;987;61019;;867;NA;6400;NA;752;NA;106;834;599;;4015;1276;NA;840;2;NA;653;NA;NA;NA;14732;323000;;NA;1;11;NA;1106;NA;NA;;1574;;35;438;NA;NA;NA;14485;28580;NA;135;1792;1394;;NA;NA;NA;43000;706;NA;9478;4500;NA;61253;108;NA;NA;3353;1767;13;0;1946;NA;;;1147;NA;39;4944;;;NA;NA;460;;735;1207;19130;4897;NA;NA;NA;NA;861;889;10;42265;2784;29200;NA;NA;NA;NA;NA;NA;NA
2018;NA;146600;9884;NA;NA;544;20060;NA;NA;10727;17;185;34000;397;848;1288;781;NA;263;10;685;500;216;243;1640;1081;;NA;3728;15027;4230;8198;8874;67;18895;761;10;7316;1246;NA;NA;14539;NA;;1097;12946;1516;6571;13054;NA;304;NA;97368;11570;507;12;225;NA;1238;1264;1398;116;807;1896;5739;1000;NA;1558;5134;12058;745;120;10486;NA;0;NA;NA;2300;448;3291;2860;NA;NA;5115;;7300;NA;NA;NA;654;5660;1346;2029;NA;19845;2500;2214;2974;3891;2997;1236;0;783;NA;2697;NA;14570;2300;14570;NA;17901;13598;1045;662;2006;306;3947;NA;554;1078;45680;5259;1118;35;52267;157;8118;417;573;3594;30264;32996;NA;NA;3275;1078;1757;728;6151;1028;2939;486;15801;125161;NA;94442;1662;986;2700;925;77055;11630;37123;NA;37123;2848;189;3742;5874;NA;1996;225;5347;6624;NA;694;14242;NA;NA;4456;62;15375;NA;8765;2294;NA;1266;10152;70;600;NA;86;352;6693;1451;1466;1807;NA;NA;1666;NA;NA;77416;250;1110;64486;1233;64486;;930;NA;6100;NA;849;NA;114;968;610;;5204;1191;NA;898;2;1020;720;NA;NA;NA;15572;308000;;NA;1;7;NA;1314;NA;NA;;1630;;51;503;NA;NA;NA;14943;28740;NA;135;1876;1357;;NA;NA;NA;43000;713;NA;10231;5900;NA;66888;118;NA;NA;3412;1751;14;0;1712;NA;;;1175;NA;45;5106;;;NA;NA;570;;783;1267;20381;5000;1128;NA;NA;NA;933;973;8;42902;2759;26500;NA;NA;NA;784;NA;NA;NA
2019;NA;144400;8609;NA;NA;542;25141;NA;NA;11134;19;175;34000;404;853;1179;783;NA;276;10;687;507;220;NA;1789;1086;;NA;4220;14678;3906;8606;10918;66;17269;780;10;7157;1292;NA;NA;NA;NA;;1208;13128;1514;7646;13107;NA;283;NA;92661;12257;476;14;225;NA;1284;1203;1486;151;627;1921;5614;1226;NA;1374;4591;11960;773;100;10318;NA;0;NA;NA;2400;442;3366;3027;NA;NA;5402;;10000;NA;NA;NA;680;5555;1330;2036;NA;19317;2500;2346;2990;2422;2934;1417;0;963;NA;2641;NA;14621;2300;14621;NA;17223;14969;1414;722;2211;234;4185;NA;702;1126;47860;5026;1183;42;54030;161;7817;426;592;3669;31336;33353;NA;NA;3312;1099;1909;729;7826;1040;2648;508;15829;103914;NA;97735;1932;987;2794;817;72452;11619;36089;NA;36089;3429;197;3520;7494;NA;1982;240;7854;6829;NA;618;14740;NA;NA;4823;107;15468;NA;8867;2407;NA;1316;11283;72;612;NA;89;360;6639;1604;1550;1913;NA;NA;1560;NA;NA;78448;250;1337;66306;1234;66306;;1217;NA;6600;NA;872;NA;112;841;555;;5165;805;NA;945;2;NA;732;10;NA;NA;16506;291000;;NA;1;8;NA;1710;NA;NA;;2295;;78;911;NA;1498;NA;15401;35640;NA;139;2593;1304;;NA;NA;NA;NA;720;NA;10571;6600;NA;68601;135;NA;NA;3413;1876;14;0;1810;NA;;;977;NA;53;5449;;;NA;NA;609;;796;1310;22142;5500;1215;NA;NA;NA;943;1101;12;43197;5442;24000;NA;NA;1940;839;NA;NA;NA
2020;NA;105600;29753;NA;NA;530;24848;NA;NA;10692;23;176;30000;402;865;1105;791;NA;297;10;710;491;206;NA;1826;1098;;NA;4002;14118;3578;7993;12303;65;15213;820;10;7426;1282;NA;NA;NA;NA;;1475;12774;1415;7693;12598;NA;259;NA;91698;12335;383;12;157;NA;1320;973;1331;150;581;1909;5317;1230;NA;1344;4416;11744;778;100;9950;NA;0;NA;NA;2300;382;3882;2951;NA;NA;1505;;10250;NA;NA;NA;676;5662;1403;1901;NA;19062;2500;2621;3170;2180;2775;1150;0;928;NA;2570;NA;13557;2400;13557;NA;13235;15852;1189;805;2095;265;4364;NA;682;1088;48770;4891;1220;46;52930;160;6634;401;606;3557;17795;32447;NA;NA;3149;1115;1722;603;8664;1049;2521;519;15189;105794;NA;101465;2050;1072;2600;701;67409;11569;32424;NA;32424;3532;191;3258;7015;NA;2015;259;7828;11687;NA;391;15184;NA;NA;4410;85;16540;NA;8701;2532;NA;1344;11724;71;665;NA;89;353;6606;1714;1621;1860;NA;NA;1497;NA;NA;72021;250;1504;66674;1225;66674;;1127;NA;6600;NA;1022;NA;86;565;580;;3090;548;NA;1035;2;NA;678;10;NA;NA;15054;273000;;NA;1;5;NA;1960;NA;NA;;2028;;119;1127;NA;1548;NA;13189;35657;NA;129;NA;1293;;NA;NA;NA;6;742;NA;10692;5350;NA;71551;145;NA;NA;3361;NA;14;0;2041;NA;;;1321;NA;45;5538;;;NA;NA;636;;788;1251;23655;5500;1296;NA;NA;NA;990;1183;11;44578;6219;17200;46;10;1999;910;NA;NA;NA
2021;NA;104400;24499;5249;NA;564;27059;NA;NA;11808;28;166;33000;NA;871;1134;819;NA;312;NA;756;483;243;NA;1921;NA;;NA;4211;15111;3618;6040;13067;68;9251;834;10;8143;1306;NA;NA;NA;NA;;1639;11840;1316;NA;13562;NA;267;NA;96216;12783;371;13;154;NA;1289;911;1327;149;615;1932;5532;NA;NA;1306;4907;12052;805;91;9914;NA;0;NA;NA;2600;370;3896;2450;NA;NA;1474;;10750;NA;NA;NA;667;5809;1571;2181;NA;18905;2700;2538;3157;1739;2407;1150;0;916;NA;2478;NA;14135;2450;14135;NA;13374;16842;1242;952;2121;290;4443;NA;631;1033;50110;3543;1297;58;NA;162;6805;371;639;3380;19946;31453;NA;NA;3027;1121;1694;640;9230;1076;2646;524;14998;104323;NA;100920;3291;1084;2300;605;69672;11809;31444;NA;31444;4267;186;3225;9054;NA;2109;290;8661;12128;NA;387;14508;NA;NA;4588;77;16218;1007;7653;3432;NA;1436;12170;74;637;NA;90;331;NA;1824;1683;1966;NA;NA;1448;NA;NA;73516;250;1573;69015;1229;69015;;1018;NA;9000;NA;1175;NA;39;627;607;;3321;789;NA;1142;2;NA;702;10;NA;NA;13816;276000;;NA;1;6;NA;2131;NA;55;;NA;;194;1393;NA;1540;NA;13985;34760;NA;120;NA;1285;;NA;NA;NA;7;749;NA;10509;5530;241;71385;163;NA;NA;3634;NA;14;0;2540;NA;;;2299;NA;51;5533;;;NA;NA;684;;974;1145;24389;5900;1342;NA;NA;NA;1012;1341;NA;NA;8711;17000;NA;10;2080;1041;5554;NA;2036
2022;NA;NA;NA;NA;NA;NA;NA;NA;NA;NA;NA;NA;NA;NA;NA;NA;NA;NA;NA;NA;NA;NA;NA;NA;NA;NA;;NA;NA;NA;NA;NA;NA;NA;8168;NA;NA;NA;NA;NA;NA;NA;NA;;NA;NA;NA;NA;NA;NA;NA;NA;NA;NA;NA;NA;NA;NA;NA;NA;NA;NA;NA;NA;NA;NA;NA;NA;NA;NA;NA;NA;NA;NA;0;NA;NA;NA;NA;NA;NA;NA;NA;NA;;NA;NA;NA;NA;NA;NA;NA;NA;NA;NA;NA;2732;NA;NA;NA;NA;NA;NA;NA;NA;NA;NA;NA;NA;NA;NA;NA;NA;NA;NA;NA;NA;NA;524;1056;NA;NA;NA;NA;NA;NA;NA;NA;665;NA;NA;NA;NA;NA;NA;NA;NA;NA;NA;NA;NA;NA;15795;NA;NA;NA;NA;NA;NA;NA;NA;NA;NA;NA;NA;NA;NA;NA;NA;NA;NA;NA;NA;NA;NA;NA;16733;NA;NA;NA;NA;NA;NA;NA;NA;NA;NA;NA;NA;NA;NA;NA;NA;NA;1923;NA;NA;NA;NA;1572;NA;NA;NA;NA;NA;NA;NA;NA;;NA;NA;8200;NA;NA;NA;NA;NA;NA;;NA;NA;NA;NA;NA;NA;NA;NA;NA;NA;NA;NA;;NA;NA;6;NA;NA;NA;NA;;NA;;NA;NA;NA;NA;NA;NA;35853;NA;NA;NA;NA;;NA;NA;NA;NA;NA;NA;NA;NA;NA;NA;NA;NA;NA;NA;NA;NA;NA;NA;NA;;;NA;NA;NA;NA;;;NA;6445;NA;;NA;1183;NA;NA;NA;NA;NA;NA;NA;NA;NA;NA;NA;NA;NA;NA;NA;NA;NA;NA;NA