Name;KINARUS THERAPE - NET SALES OR REVENUES;ABB LTD - NET SALES OR REVENUES;AMS OSRAM - NET SALES OR REVENUES;PIERER MOBILITY AG - NET SALES OR REVENUES;ACCU HOLDING AG - NET SALES OR REVENUES;BANQUE CANTONALE - NET SALES OR REVENUES;SIKA AG - NET SALES OR REVENUES;ACINO INTERNAT - NET SALES OR REVENUES;ACTELION AG - NET SALES OR REVENUES;OC OERLIKON CORP - NET SALES OR REVENUES;ADDEX THERAPEUTICS - NET SALES OR REVENUES;BANK LINTH LLB AG - NET SALES OR REVENUES;ADECCO GROUP - NET SALES OR REVENUES;ZUGER KANTONALBANK - NET SALES OR REVENUES;SCHWEIZERISCHE - NET SALES OR REVENUES;ADVAL TECH HOLDING A - NET SALES OR REVENUES;GRAUBUENDNER KBK - NET SALES OR REVENUES;ADVANCED DIGITAL - NET SALES OR REVENUES;HYPOTHERBK LENZBURG - NET SALES OR REVENUES;AIRESIS SA - NET SALES OR REVENUES;BASELLAND KANTONALBK - NET SALES OR REVENUES;APG SGA SA - NET SALES OR REVENUES;ALLREAL HOLDING AG - NET SALES OR REVENUES;APTG AG - NET SALES OR REVENUES;BELIMO HOLDINGS AG - NET SALES OR REVENUES;CPH CHEMIE & PAPIER - NET SALES OR REVENUES;ALPHA PETROVISION - NET SALES OR REVENUES;CI COM SA - NET SALES OR REVENUES;ALSO HOLDING AG - NET SALES OR REVENUES;GEORG FISCHER AG - NET SALES OR REVENUES;VALORA HOLDING AG - NET SALES OR REVENUES;ARBONIA AG - NET SALES OR REVENUES;STADLER RAIL AG - NET SALES OR REVENUES;EVOLVA HOLDING - NET SALES OR REVENUES;ARYZTA AG - NET SALES OR REVENUES;BANQUE CANTON GENEVE - NET SALES OR REVENUES;CHAM GROUP AG - NET SALES OR REVENUES;PHOENIX MECANO AG - NET SALES OR REVENUES;ASCOM HOLDING AG - NET SALES OR REVENUES;VALARTIS GROUP AG - NET SALES OR REVENUES;ARUNDEL AG - NET SALES OR REVENUES;PANALPINA WEL - NET SALES OR REVENUES;SCHLATTER HOLDING AG - NET SALES OR REVENUES;ATHRIS HOLDING AG - NET SALES OR REVENUES;BACHEM HOLDING - NET SALES OR REVENUES;AUTONEUM HOLD - NET SALES OR REVENUES;STARRAG GROUP HOLD - NET SALES OR REVENUES;BALOISE HOLDING AG - NET SALES OR REVENUES;BUCHER INDUSTRIES AG - NET SALES OR REVENUES;ONE SWISS BANK SA - NET SALES OR REVENUES;LOEB HOLDING AG - NET SALES OR REVENUES;PAX-ANLAGE AG - NET SALES OR REVENUES;SGS SA - NET SALES OR REVENUES;BARRY CALLEBAUT - NET SALES OR REVENUES;VILLARS HOLDING SA - NET SALES OR REVENUES;WARTECK INVEST AG - NET SALES OR REVENUES;BASILEA PHARMACEUTIC - NET SALES OR REVENUES;ZWAHLEN & MAYR S.A. - NET SALES OR REVENUES;BASLER KANTONALBANK - NET SALES OR REVENUES;VON ROLL HOLDING - NET SALES OR REVENUES;MIKRON HOLDING AG - NET SALES OR REVENUES;BANQUE CANTONALE - NET SALES OR REVENUES;ORELL FUESSLI HOLD - NET SALES OR REVENUES;BANQUE CANT VAUDOISE - NET SALES OR REVENUES;FORBO HOLDING AG - NET SALES OR REVENUES;BERNER KANTO - NET SALES OR REVENUES;SWMTL HOLDING AG - NET SALES OR REVENUES;HIGHLIGHT EVENT AND - NET SALES OR REVENUES;RIETER HOLDING AG - NET SALES OR REVENUES;BELL FOOD GROUP AG - NET SALES OR REVENUES;ELMA ELECTRONIC AG - NET SALES OR REVENUES;BELLEVUE GROUP AG - NET SALES OR REVENUES;SWISS STEEL - NET SALES OR REVENUES;BFW LIEGENSCHAFTEN - NET SALES OR REVENUES;PRIVATE EQUITY HLDG - NET SALES OR REVENUES;BIOXELL S.P.A. - NET SALES OR REVENUES;BANK CA ST. GALLEN - NET SALES OR REVENUES;INTERROLL HOLDING AG - NET SALES OR REVENUES;BANK CLER AG - NET SALES OR REVENUES;VETROPACK AG - NET SALES OR REVENUES;GURIT HOLDING AG - NET SALES OR REVENUES;PERROT DUVAL HOLDING - NET SALES OR REVENUES;HUEGLI HOLDING AG - NET SALES OR REVENUES;SWISS PRIME SITE - NET SALES OR REVENUES;#ERROR;BKW AG - NET SALES OR REVENUES;PERROT DUVAL HOLDING - NET SALES OR REVENUES;KUONI REISEN HLD AG - NET SALES OR REVENUES;GOLDBACH GROUP AG - NET SALES OR REVENUES;BVZ HOLDING AG - NET SALES OR REVENUES;BOBST GROUP SA - NET SALES OR REVENUES;COMET HOLDING AG - NET SALES OR REVENUES;CICOR TECHNOLOGIES - NET SALES OR REVENUES;BONDPARTNERS SA - NET SALES OR REVENUES;SWISSCOM - NET SALES OR REVENUES;BOSSARD HOLDING AG - NET SALES OR REVENUES;BURCKHARDT COMP - NET SALES OR REVENUES;BURKHALTER - NET SALES OR REVENUES;SCHAFFNER HOLDING AG - NET SALES OR REVENUES;CALIDA HOLDING AG - NET SALES OR REVENUES;LASTMINUTE.COM NV - NET SALES OR REVENUES;SPICE PRIVATE - NET SALES OR REVENUES;CEMBRA MONEY BANK AG - NET SALES OR REVENUES;CHARLES VOG - NET SALES OR REVENUES;FEINTOOL INT HOLDING - NET SALES OR REVENUES;LIFEWATCH GMBH - NET SALES OR REVENUES;CHOCO LINDT & SPRUEN - NET SALES OR REVENUES;CIE FINANC TRADITION - NET SALES OR REVENUES;CHOCO LINDT & SPRUEN - NET SALES OR REVENUES;CIBA HOLDING AG - NET SALES OR REVENUES;CLARIANT AG - NET SALES OR REVENUES;GIVAUDAN SA - NET SALES OR REVENUES;COLTENE HOLDING - NET SALES OR REVENUES;SWISSQUOTE GROUP - NET SALES OR REVENUES;KOMAX HOLDING AG - NET SALES OR REVENUES;COSMO PHARMA - NET SALES OR REVENUES;SCHWEITER TECH AG - NET SALES OR REVENUES;INFRANOR INTER AG - NET SALES OR REVENUES;CREALOGIX HOLDING - NET SALES OR REVENUES;CARLO GAVAZZI AG - NET SALES OR REVENUES;CREDIT SUISSE GROUP - NET SALES OR REVENUES;BYSTRONIC - NET SALES OR REVENUES;INFICON HOLDING AG - NET SALES OR REVENUES;KUROS BIOSCIENCE - NET SALES OR REVENUES;ZURICH INSURANCE - NET SALES OR REVENUES;MOBIMO HOLDING AG - NET SALES OR REVENUES;DAETWYLER HOLDING AG - NET SALES OR REVENUES;DATACOLOR AG - NET SALES OR REVENUES;DOTTIKON ES HOLDING - NET SALES OR REVENUES;TX GROUP - NET SALES OR REVENUES;DUFRY AG - NET SALES OR REVENUES;DKSH HOLDING AG - NET SALES OR REVENUES;EDIPRESSE SA - NET SALES OR REVENUES;EDISUN POWER - NET SALES OR REVENUES;EFG INTERNATIONAL - NET SALES OR REVENUES;ST GALLER KANT - NET SALES OR REVENUES;FLUGHAFEN ZURICH AG - NET SALES OR REVENUES;TORNOS HOLDING AG - NET SALES OR REVENUES;EMMI AG - NET SALES OR REVENUES;LUZERNER KANTONAL - NET SALES OR REVENUES;EMS-CHEMIE HOLDING - NET SALES OR REVENUES;LEONTEQ AG - NET SALES OR REVENUES;DORMAKABA HOLDING - NET SALES OR REVENUES;NOVARTIS - NET SALES OR REVENUES;SYNGENTA AG - NET SALES OR REVENUES;ROCHE HOLDING AG - NET SALES OR REVENUES;TECAN GROUP AG - NET SALES OR REVENUES;ENERGIEDIENST HLDG - NET SALES OR REVENUES;VIFOR PHARMA AG - NET SALES OR REVENUES;GAM HOLDING AG - NET SALES OR REVENUES;HOLCI - NET SALES OR REVENUES;GEBERIT AG - NET SALES OR REVENUES;THE SWATCH GROUP - NET SALES OR REVENUES;MYRIAD GROUP - NET SALES OR REVENUES;THE SWATCH GROUP - NET SALES OR REVENUES;AEVIS VICTORIA - NET SALES OR REVENUES;GROUPE MINOTERIES SA - NET SALES OR REVENUES;KUDELSKI SA - NET SALES OR REVENUES;STRAUMANN HOLDING AG - NET SALES OR REVENUES;LUMX GROUP LTD - NET SALES OR REVENUES;VONTOBEL HOLDING AG - NET SALES OR REVENUES;GLARNER KANT - NET SALES OR REVENUES;TEMENOS AG - NET SALES OR REVENUES;HELVETIA HOLDING - NET SALES OR REVENUES;GLOBAL NATURAL RES - NET SALES OR REVENUES;HOCHDORF HOLDING AG - NET SALES OR REVENUES;SONOVA HOLDING AG - NET SALES OR REVENUES;GOLAY BUCHEL HOLDING - NET SALES OR REVENUES;GOLAY BUCHEL HOLDING - NET SALES OR REVENUES;HUBER+SUHNER AG - NET SALES OR REVENUES;HIAG IMMOBILIEN - NET SALES OR REVENUES;LONZA GROUP AG - NET SALES OR REVENUES;SKAN GROUP AG - NET SALES OR REVENUES;IMPLENIA AG - NET SALES OR REVENUES;SIEGFRIED HOLDING AG - NET SALES OR REVENUES;HARWANNE CIE - NET SALES OR REVENUES;VALIANT HOLDING - NET SALES OR REVENUES;SWISS LIFE HOLDING - NET SALES OR REVENUES;INTERSHOP HOLDING AG - NET SALES OR REVENUES;JUNGFRAUBAHN - NET SALES OR REVENUES;INTL MINERALS CORP - NET SALES OR REVENUES;PSP SWISS PROPERTY - NET SALES OR REVENUES;IVF HARTMANN HLDG - NET SALES OR REVENUES;JULIUS BAER - NET SALES OR REVENUES;YPSOMED HOLDING AG - NET SALES OR REVENUES;WAADT VERSICHERUNGEN - NET SALES OR REVENUES;KARDEX HOLDING - NET SALES OR REVENUES;JELMOLI HOLDING AG - NET SALES OR REVENUES;MICRONAS SEM - NET SALES OR REVENUES;LEM HOLDING SA - NET SALES OR REVENUES;SWISSLOG HOLDING AG - NET SALES OR REVENUES;PARGESA HOLDING SA - NET SALES OR REVENUES;KUEHNE UND NAG - NET SALES OR REVENUES;LECLANCHE SA - NET SALES OR REVENUES;PARTNERS GR - NET SALES OR REVENUES;SCHINDLER HOLDING AG - NET SALES OR REVENUES;LIECHTENSTEIN LANDBK - NET SALES OR REVENUES;SCHINDLER HOLDING AG - NET SALES OR REVENUES;#ERROR;MOBILEZONE HOLDING - NET SALES OR REVENUES;LENZERHEIDE BERGBA - NET SALES OR REVENUES;LOGITECH INTERNAT - NET SALES OR REVENUES;NORINVEST HOLDING - NET SALES OR REVENUES;ROMANDE ENERGIE - NET SALES OR REVENUES;LOOSER HOLDING AG - NET SALES OR REVENUES;SANTHERA PHARMA - NET SALES OR REVENUES;MCH GROUP AG - NET SALES OR REVENUES;REPOWER AG - NET SALES OR REVENUES;LO HLDG LAUSANNE-OUC - NET SALES OR REVENUES;METALL ZUG AG - NET SALES OR REVENUES;MEYER BURGER TECH - NET SALES OR REVENUES;MINDSET HOLDING AG - NET SALES OR REVENUES;VZ HOLDING AG - NET SALES OR REVENUES;SF URBAN PROP - NET SALES OR REVENUES;U-BLOX HOLDING AG - NET SALES OR REVENUES;LALIQUE GROUP - NET SALES OR REVENUES;ORASCOM DEVELOPMENT - NET SALES OR REVENUES;TECHNOMAG AG - NET SALES OR REVENUES;SCHWEIZERISCHE NAT - NET SALES OR REVENUES;SULZER AG - NET SALES OR REVENUES;NESTLE SA - NET SALES OR REVENUES;BB BIOTECH AG - NET SALES OR REVENUES;NEWAVE ENERGY HOLD - NET SALES OR REVENUES;NEWRON PHARMA - NET SALES OR REVENUES;ZUBLIN IMMOBILIEN - NET SALES OR REVENUES;NOBEL BIOCARE HLDG - NET SALES OR REVENUES;ZUR ROSE GROUP AG - NET SALES OR REVENUES;FUNDAMENTA REAL - NET SALES OR REVENUES;RELIEF THERAPEUT - NET SALES OR REVENUES;ORIDION SYSTEMS - NET SALES OR REVENUES;ORIOR AG - NET SALES OR REVENUES;SPEXIS AG - NET SALES OR REVENUES;PEACH PROPERTY - NET SALES OR REVENUES;POENINA HOLDING AG - NET SALES OR REVENUES;PETROPLUS HOLDINGS - NET SALES OR REVENUES;PRECIOUS WOODS HLDG - NET SALES OR REVENUES;PUBLIGROUPE SA - NET SALES OR REVENUES;SWISS RE - NET SALES OR REVENUES;COMPAGNIE FINAN - NET SALES OR REVENUES;UBS AG - NET SALES OR REVENUES;ZUG ESTATES - NET SALES OR REVENUES;EDMOND DE ROTHSCHILD - NET SALES OR REVENUES;MEIER T - NET SALES OR REVENUES;NOVAVEST REAL - NET SALES OR REVENUES;QUADRANT AG - NET SALES OR REVENUES;TIDER AG - NET SALES OR REVENUES;BANK J SAFRA - NET SALES OR REVENUES;GATEGROUP HOLDING AG - NET SALES OR REVENUES;THURGAUER KANTONAL - NET SALES OR REVENUES;SHL TELEMEDICINE - NET SALES OR REVENUES;SFS GROUP AG - NET SALES OR REVENUES;TRANSOCEAN LTD - NET SALES OR REVENUES;BERGBAHNEN TITLIS AG - NET SALES OR REVENUES;UBS GROUP AG - NET SALES OR REVENUES;MOLECULAR PARTNERS - NET SALES OR REVENUES;SNOWCLIFF LTD - NET SALES OR REVENUES;SOCIETA ELETTRICA - NET SALES OR REVENUES;ZEHNDER GROUP AG - NET SALES OR REVENUES;SUNRISE COMMUN - NET SALES OR REVENUES;PLAZZA AG - NET SALES OR REVENUES;VARIA US PROP - NET SALES OR REVENUES;VAT GROUP - NET SALES OR REVENUES;SUNSTAR HOLDING AG - NET SALES OR REVENUES;WISEKEY INTERN - NET SALES OR REVENUES;BLACK - NET SALES OR REVENUES;INVESTIS HOLDING SA - NET SALES OR REVENUES;SIA ABRASIVES - NET SALES OR REVENUES;OBSEVA SA - NET SALES OR REVENUES;GALENICA AG - NET SALES OR REVENUES;#ERROR;IDORSIA LTD - NET SALES OR REVENUES;SYNTHES INC - NET SALES OR REVENUES;LANDIS+GYR GROUP AG - NET SALES OR REVENUES;MEDARTIS HOLDING AG - NET SALES OR REVENUES;ASMALLWORLD AG - NET SALES OR REVENUES;SENSIRION HOLDING AG - NET SALES OR REVENUES;KLINGELNBERG AG - NET SALES OR REVENUES;ALCON AG - NET SALES OR REVENUES;SIG GROUP AG - NET SALES OR REVENUES;ALUFLEXPA - NET SALES OR REVENUES;USTER TECH - NET SALES OR REVENUES;TEC-SEM - NET SALES OR REVENUES;VICTORIA-JUNGFRAU - NET SALES OR REVENUES;VP BANK AG - NET SALES OR REVENUES;MEDACTA GROUP SA - NET SALES OR REVENUES;CASSIOPEA - NET SALES OR REVENUES;CEVA LOGIS - NET SALES OR REVENUES;SOFTWAREONE HOLDING - NET SALES OR REVENUES;WEATHERFORD INTERNTL - NET SALES OR REVENUES;ACHIKO AG - NET SALES OR REVENUES;INA INVEST - NET SALES OR REVENUES;V-ZUG HOLDING AG - NET SALES OR REVENUES;POLYPEPTIDE - NET SALES OR REVENUES;MONTANA AER - NET SALES OR REVENUES;WINTERTHUR TECH - NET SALES OR REVENUES;MEDMIX AG - NET SALES OR REVENUES
2000;116725;38805503;121878;61362;113098;305545;1998000;458831;31523;3285000;NA;153530;26628000;412093;3361700;187851;591312;NA;135660;16684;738344;307556;147900;912623;213938;332527;NA;12051;1863450;3903000;2485734;416762;NA;NA;NA;827966;942134;530766;3143400;NA;249499;NA;176346;NA;111422;NA;159844;9825400;1502800;62411;250904;12905;2368862;2410404;66198;16834;NA;85557;1099214;1646000;664725;86642;168899;1891446;1776800;839298;311722;24576;2817400;1355307;107906;100033;587300;NA;197566;NA;76714;229432;452128;375398;731923;97807;179824;43290;$$ER: E100,NO WORLDSCOPE DATA FOR THIS CODE;1182100;97807;4113001;NA;53908;1547200;71661;33713;NA;14093000;514495;NA;NA;184892;181655;NA;26080;NA;1414655;427731;97275;1536900;661335;1536900;7902000;10583000;2356000;NA;15052;211980;NA;409761;81291;19637;449172;102571000;911292;287195;NA;63387928;NA;1075900;260083;NA;783023;NA;NA;705004;NA;NA;807037;522843;352366;NA;895357;1160291;NA;526500;35805000;8238587;28672000;273532;183200;2051514;2367515;14012000;1062300;4131000;NA;4131000;16476;78697;353408;190069;NA;1042400;NA;110841;5957249;1456;NA;314281;325002;325002;908145;NA;1703000;NA;NA;309623;758525;449233;25416000;130681;84290;0;110199;83772;NA;NA;1601879;440959;880400;490319;129564;925000;4800;6330239;50239;NA;8399000;659708;8399000;$$ER: E100,NO WORLDSCOPE DATA FOR THIS CODE;123;NA;963631;NA;420708;NA;NA;184877;256004;8873;447023;NA;359432;NA;NA;NA;NA;NA;114441;1243147;5736000;81422000;686809;NA;NA;56328;387793;NA;NA;NA;NA;NA;NA;NA;NA;NA;7549;2710154;32004000;4684481;82021000;NA;655638;624800;NA;382337;25318;491206;NA;NA;79538;NA;1229513;31962;82021000;NA;136909;104625;483000;NA;NA;NA;NA;34443;NA;NA;NA;225653;NA;NA;$$ER: E100,NO WORLDSCOPE DATA FOR THIS CODE;NA;1332258;NA;NA;NA;NA;NA;NA;2193000;NA;NA;11299;61029;722490;NA;NA;NA;NA;1814261;NA;NA;NA;NA;NA;NA;NA
2001;31530;40096940;148217;65777;104750;306462;2103000;281948;64075;2127000;NA;151626;27247000;422264;2982800;171458;601973;NA;137795;-14176;724304;320342;142800;1273683;229094;417542;NA;NA;1723690;3848000;2633584;576330;NA;NA;NA;783716;1018017;510561;2999100;NA;194284;NA;171731;NA;141351;NA;188851;9068600;1488000;33019;264246;14547;2331993;2548599;69548;19536;NA;73970;1062743;1606000;607509;80822;179345;1875176;1485100;826356;286274;25095;3040300;1472568;121942;112147;576800;NA;211337;NA;73732;224251;439051;396481;339020;97966;192675;82694;;1566500;97966;4065069;NA;57635;1511800;69744;34052;NA;14174000;488221;NA;NA;177235;172284;NA;9506;NA;1630666;471157;157817;1590800;854477;1590800;7367000;9871000;2399000;NA;13220;196933;NA;431578;85979;27325;500483;110775000;972911;243694;3543;66233960;NA;1051600;270217;NA;733142;NA;NA;693265;NA;NA;817216;538644;354993;NA;885041;1251992;NA;683600;32038000;10692130;29163000;361866;210329;2142993;1962138;13644000;1013500;4048000;NA;4048000;16061;75042;439829;231599;NA;637600;NA;238206;5890357;14482;NA;460152;295595;295595;714847;NA;1868000;NA;NA;352626;776040;460556;22789000;104975;74091;0;159454;101828;NA;NA;1581533;560468;1031000;566678;188452;938900;2200;6661493;48891;NA;8056000;562950;8056000;;224450;NA;1290148;NA;438910;NA;NA;189415;301311;9106;456736;NA;413139;NA;NA;NA;NA;NA;341869;1257007;3701000;84698000;-411948;NA;NA;115238;432881;NA;NA;NA;NA;NA;NA;NA;NA;NA;14666;2612325;34257000;5673092;85229000;NA;613163;614500;NA;464943;3434;435864;NA;NA;129221;NA;2820100;31842;85229000;NA;143433;102522;476600;NA;NA;NA;NA;36304;NA;NA;NA;222331;NA;NA;;NA;1523334;NA;NA;NA;NA;NA;NA;2400000;NA;NA;-17602;61044;541767;NA;NA;NA;NA;2328715;NA;NA;NA;NA;NA;NA;NA
2002;10981;28540200;129180;58971;78675;294981;2121700;241409;129641;1490000;NA;144237;25086000;394172;1839100;174150;537570;98208;132222;-2215;677567;301627;162000;1053079;237884;415380;NA;8080;1653270;3417000;3076754;686370;NA;NA;NA;611774;974452;468364;2007600;NA;0;5174698;171492;NA;149888;NA;165553;8626700;1480500;23282;275641;15012;2391923;2621837;74194;21507;204;68459;1012305;1213000;414717;77044;250991;1638691;1531100;786911;216527;30496;2859900;1504942;93402;121364;584200;NA;68703;NA;66972;202776;405493;393109;391699;80712;199287;99157;;2017700;80712;3739298;NA;57063;1477600;74345;26873;NA;14526000;432029;NA;NA;159309;139282;NA;29059;NA;1498555;417433;90818;1680500;798179;1680500;7085000;8824000;2674000;NA;13726;193404;NA;307011;67182;20635;263280;83986000;909346;202556;2026;65535724;NA;1025500;255003;NA;640270;768300;NA;680064;NA;142518;807445;528823;169657;NA;778129;1220906;NA;1027000;32412000;9729290;29725000;332180;341635;2299868;1471184;13010000;1105700;3933000;5992;3933000;14310;129889;384666;274896;NA;526000;NA;174619;5746709;18323;NA;576078;257085;257085;589499;NA;2536000;NA;NA;399059;704969;607263;21751000;114278;84021;0;179043;101318;NA;100613;1659776;549935;990700;707406;163740;875300;-2600;6946723;39689;NA;7882000;423513;7882000;;319802;NA;1600018;NA;434152;NA;NA;181203;334882;13355;462751;NA;147417;NA;NA;NA;NA;NA;318908;1806841;1946000;89160000;-1533298;NA;NA;78851;455694;NA;NA;NA;NA;NA;NA;NA;NA;NA;14000;2149784;38022000;5765412;67582000;NA;520246;756400;NA;428508;1936;626152;NA;NA;426318;NA;2673900;30905;67582000;NA;143810;102931;487600;NA;NA;NA;NA;35117;NA;NA;NA;241071;NA;NA;;NA;1561667;NA;NA;NA;NA;NA;NA;2748604;NA;NA;-20231;55516;313157;NA;NA;NA;NA;2328930;NA;NA;NA;NA;NA;95861;NA
2003;45553;25185300;134352;60099;67669;268114;2268200;215205;307544;1610000;NA;136997;24766138;348058;4340800;229013;475971;110430;120563;292;632113;291941;143100;1016434;236315;409111;NA;3239;1598258;3257000;3021431;687583;NA;NA;NA;539597;1042620;491510;1467100;NA;0;5362370;157658;NA;144637;NA;167295;9463000;1535200;24947;209523;18167;2454000;3571260;73331;22140;379;71694;966617;676200;433185;71725;304200;1516305;1598900;739898;162513;26309;2980500;1542898;85451;116452;659400;NA;8046;1080;63236;222225;375256;442631;508436;77036;214349;110406;;2889200;77036;3295436;NA;96834;1409400;55581;23527;NA;14581000;416749;NA;NA;163350;130126;NA;29173;NA;1414572;408984;64087;1800500;788976;1800500;6646000;7793000;2715000;203100;32266;220388;NA;259708;63365;23585;204844;80835000;916585;212856;3693;69813325;52906;993300;258197;NA;568875;685700;NA;763941;678;255106;753253;561599;168747;1862342;690900;1220707;NA;967200;33194435;8781893;31220000;311606;567259;2700350;1299235;12600000;1209600;3845000;21762;3845000;10647;123411;391426;343866;NA;539400;NA;195171;6172562;19894;308154;550543;230412;230412;522200;NA;2242000;NA;NA;366269;735594;658726;21731000;81216;86173;0;188226;108435;NA;137187;2030058;613491;1003200;766680;150401;682400;1900;7532300;37535;89631;7594000;387562;7594000;;316499;NA;1603329;NA;458830;NA;974;179527;363283;14465;464161;NA;17136;NA;NA;NA;NA;NA;324196;1968686;1826000;87979000;194067;NA;0;89507;508824;NA;NA;NA;81892;NA;NA;NA;NA;NA;16844;1935926;37144000;5343348;64507000;NA;510404;693300;NA;411430;1899;520662;NA;NA;446521;NA;2434300;31927;64507000;NA;141927;104666;551482;NA;NA;NA;NA;34717;NA;NA;NA;240777;NA;NA;;NA;1639361;NA;NA;NA;NA;NA;NA;2889637;NA;NA;1485;50789;361233;NA;NA;NA;NA;2591408;NA;NA;NA;NA;NA;103288;NA
2004;30477;25694040;160524;64421;70640;258032;2559800;216155;471880;1850000;200;134528;26614603;333476;664800;246293;460983;217405;114868;22732;611856;300296;144100;1059384;252711;426196;NA;3011;1857091;3540000;2990086;1021819;NA;NA;NA;509221;647212;532714;1181500;35184;24253;6120345;148186;NA;147828;NA;151926;9124300;1640900;25091;217385;20703;2885000;4048887;78146;23821;287;77569;931317;409500;332011;61622;319800;1438498;1622300;702566;195134;24672;3057000;1525119;107370;96693;893700;2273;48539;1048;61827;228508;363468;445221;578779;79933;229046;131073;;2874000;79933;3580971;162786;96970;1709700;80688;44558;NA;10057000;480534;NA;NA;175376;126893;NA;54961;NA;1332647;452190;58514;2016600;849838;2016600;7027000;8530000;2680000;218900;38437;208769;NA;335114;63530;18500;203799;73746000;1013775;232489;4112;74015865;57029;1049100;252507;NA;566580;850500;NA;822468;843;313466;730549;637313;197626;1902365;677809;1267022;NA;985000;34904253;8982158;31273000;285975;774863;2921313;1370301;13215000;1653400;3981000;33099;3981000;11069;129016;601287;420296;NA;563000;NA;189770;5887132;13289;332023;637602;224579;224579;560831;NA;2182000;NA;NA;321361;691490;617598;22920000;86437;89632;0;243500;111797;NA;198734;1972505;613687;1008900;963360;161292;564900;900;9120800;31132;107253;8225000;386615;8225000;;268920;NA;1662698;NA;456114;NA;1837;185919;459002;20482;503784;NA;20985;NA;NA;28213;NA;NA;338520;1961789;2067000;86769000;213747;26204;81;94414;599573;NA;NA;NA;100641;NA;NA;NA;NA;6623245;19151;1981401;36111000;5227706;70792000;NA;607374;707900;NA;470044;64566;552608;NA;NA;461972;NA;2613900;35467;70792000;NA;162787;106945;578352;NA;NA;NA;NA;33781;NA;NA;NA;252118;NA;NA;;NA;2198637;NA;NA;NA;NA;NA;NA;2615299;NA;138764;2596;53271;348198;NA;NA;NA;NA;3131774;NA;NA;NA;NA;NA;111793;NA
2005;17714;27828080;178391;76618;72408;267463;2916500;302592;663589;1605000;6017;133138;28328834;334044;5692700;245725;481601;311522;114410;80308;623048;296434;587300;928236;280311;462561;NA;3894;1980262;3692000;2846369;1123568;NA;NA;NA;528197;426412;482174;648900;46827;29120;6962221;179983;NA;153656;NA;159899;9097600;1948300;24097;213370;18482;3308000;4061130;82004;20439;30495;90238;971087;448210;218392;62614;334785;1498900;1702000;704095;190390;4278;3047700;1452646;120991;127475;2633700;6019;9044;2129;61092;245466;388885;476000;591700;69169;266825;193824;;1933500;69169;3687978;181697;109231;1591100;90836;113572;NA;9732000;497084;168155;392580;166822;163946;NA;88202;NA;1347597;487163;60163;2246900;918023;2246900;7419000;8181000;2778000;246900;53000;252884;NA;329522;60706;51014;201784;89376000;1153400;237817;4358;83527412;69877;1091800;254898;133635;633379;949830;NA;894386;1015;459475;796534;702229;219667;1992286;706519;1253330;NA;980100;40064641;10131783;35511000;344900;695104;2088901;1876290;18468000;1640200;4292000;48999;4292000;9500;126509;687102;509553;NA;735800;NA;210852;6337300;5013;339548;678775;136265;136265;567129;NA;2521000;11648;1362089;318300;552418;608811;21614000;82593;93433;0;241179;104007;NA;241823;2199631;682973;1026700;845074;135901;556400;5010500;11093600;25593;153055;8658000;520091;8658000;;243590;18697;1802132;25058;459996;213033;15072;221717;838413;15294;529307;59510;18070;NA;NA;34267;44795;NA;351582;1953240;2498200;91075000;333250;34762;0;112540;749949;NA;NA;NA;127608;NA;NA;NA;NA;6941597;19142;1907213;35004000;5718865;103040000;NA;756017;690000;NA;591729;74673;685490;NA;NA;445500;NA;2891700;33589;103040000;NA;179157;107736;594189;NA;NA;NA;NA;36706;NA;NA;NA;261351;NA;NA;;NA;2598145;NA;NA;NA;NA;NA;NA;1868158;NA;142534;4353;49695;425947;NA;NA;NA;NA;4333227;NA;NA;NA;NA;NA;120811;NA
2006;16224;30389522;196402;88531;59922;289151;3896100;132543;945673;2291000;4739;137534;32183113;336202;1145400;270422;513322;326545;115278;108752;657822;334526;738100;151753;325089;507758;NA;895;3277132;4048000;2862543;1243352;NA;NA;NA;546222;455189;539125;536000;106224;25583;7735236;197058;NA;171754;NA;190042;9325400;2087100;32187;202571;24408;3821000;4261889;87570;20972;7184;97570;1032665;531982;244660;65322;349949;1612600;1879500;721632;343672;3385;3434700;1496290;128563;134429;4345516;15591;13081;2510;65524;312022;425712;546800;381295;69879;299710;194029;;2304200;69879;4082434;199533;116576;1603700;96214;174253;NA;9653000;536830;210407;412054;137798;206349;NA;67701;NA;1323647;501046;67896;2585600;1158130;2585600;6352000;8100000;2909000;249864;87246;319119;15158;434431;62731;63307;216525;82160000;1273600;265081;724;81462222;191808;1214800;273384;133625;707768;1436295;NA;886825;202;1066528;836538;737109;247635;2304432;729948;1395946;NA;1041000;45151527;10137960;42041000;405929;804538;2152284;3839542;23969000;1848700;4820000;30823;4820000;9555;123738;694340;599204;152831;974100;NA;269222;6222600;3529;319290;866682;138896;138896;655173;NA;2285000;-9175;2338142;359829;477845;611408;20789000;78976;93679;0;271382;107384;1951364;310588;2023233;596070;1071200;812628;151665;646900;5172200;14886700;21474;274217;10712000;702930;10712000;;274102;34002;2281828;35641;466068;278354;781;218541;1678099;14689;559258;82619;6586;74013;NA;54380;39997;NA;258800;1979911;2801700;98458000;-77681;40483;1191;110641;944431;NA;NA;2480;153574;NA;NA;NA;NA;8653750;53712;1969700;39406000;6680846;132122000;NA;982869;773900;NA;804296;79984;817620;2409900;NA;368972;NA;3882000;36795;132122000;NA;298906;106965;672437;NA;NA;NA;NA;40719;NA;NA;NA;281975;NA;NA;;NA;2996621;NA;NA;NA;NA;NA;NA;2126415;NA;161828;7371;65111;538494;NA;NA;NA;NA;6578928;NA;NA;NA;NA;NA;135778;NA
2007;5223;34813860;193925;98333;55787;321460;4573200;180512;1317392;5629000;487;146321;34710133;374366;1900200;330351;582007;353475;126686;140306;691561;386421;621800;127038;371820;593523;NA;807;5083182;4497000;2821755;1471451;NA;NA;3795836;560623;470505;633866;459600;125306;3913;8684230;240037;NA;198318;NA;244074;9616700;2458800;31987;191393;100129;4372000;4106768;91983;21934;7900;114329;1152021;620151;265342;75465;375492;1732400;2004000;793208;394248;4870;3782900;1636472;130727;171779;6809539;19940;133586;959;78857;370855;481287;652300;448821;78718;338813;204902;;2734600;78718;4698592;237047;120257;1743600;171124;203115;NA;11089000;578256;266677;409518;170281;216641;NA;127019;NA;1393690;520427;65426;2946200;1431365;2946200;6523000;8533000;4132000;274233;131590;348818;21900;466890;71287;60741;215749;93589000;1507000;282201;35882;57130376;208664;1173500;286605;136828;756112;1930256;NA;814629;0;1572600;900442;802900;285256;2501165;814958;1552393;NA;1248700;45649851;11088000;46133000;414400;940580;2529145;4831002;27052000;2103900;5646000;44418;5646000;120073;121003;925813;713654;233261;1189000;NA;376096;6367600;3528;327356;1072796;101209;101209;731941;NA;2870000;8145;2380625;318256;642;669807;19289000;92702;100997;0;260000;100292;2457435;277450;1961974;695355;253400;712704;184555;707600;5588700;17119900;13744;423446;13352000;1007956;13352000;;320912;31226;2537189;41521;488346;415696;9226;338707;1826351;17702;627849;207968;NA;93674;NA;78360;34254;406804;280952;2108596;3537000;107552000;-139354;64284;4024;115426;1093926;NA;1156;14827;153369;320826;NA;NA;NA;16588089;108986;2045600;44145000;7670972;140713000;NA;1239170;832500;NA;811822;97094;1039083;2487668;NA;253713;NA;6377000;41319;140713000;NA;350729;104181;730203;NA;NA;NA;NA;44668;NA;NA;NA;297982;NA;NA;;NA;3292204;NA;NA;NA;NA;NA;NA;NA;NA;183579;19014;92512;694573;NA;NA;NA;NA;7832062;NA;NA;NA;NA;NA;259868;NA
2008;1594;37532146;184699;106208;71593;346035;4624500;231779;1473508;4750000;26807;159426;31540707;376515;-4510200;396339;618909;387896;135259;158507;725406;451979;613400;95711;403757;570358;NA;68;4851318;4465000;2931656;1570576;NA;11533;4328348;568640;367468;651712;485600;29501;16313;8877649;247372;6088;194997;NA;306940;8152000;2788900;22594;171941;199741;4818000;4815424;101799;24777;11800;108048;1154930;710055;264193;79767;365317;1570700;1918700;1030342;312692;3292;3011900;1939635;124901;86662;6464384;26218;82891;1490;73806;357920;498498;697800;456211;84417;391328;209637;;3391500;84417;4854953;264905;126268;1633200;222555;208439;NA;12198000;542843;368043;419784;182445;214031;NA;19824;NA;1368874;569196;90658;2937300;1570005;2937300;5919000;8071000;4087000;166419;126382;341912;34173;147810;75564;62852;223377;51447000;1472500;275738;19728;34892580;188464;1294900;72245;141953;868826;2113524;NA;738256;NA;1748500;930748;855100;260053;2693576;871270;1503947;NA;1303700;44820537;12553920;45617000;396042;1096855;2704006;4181110;25157000;2179000;5677000;43024;5677000;127844;138096;1027506;778708;181871;932300;NA;437478;5967200;0;382209;1204779;64129;64129;760212;NA;2937000;5832;2326355;288745;401;731654;18664000;109925;103348;0;307552;109480;2355011;287468;1928666;726708;295300;597595;203033;786100;5475200;17992000;11557;427822;13941000;968268;13941000;;318030;35315;2708861;142242;572455;497431;48;336112;1926549;20715;787790;455359;0;103202;7886;74506;101942;568231;277658;2047986;3713500;109908000;88874;84046;2635;132359;978147;NA;2780;14545;167947;463313;NA;NA;NA;30152572;114600;2021800;33164000;8695280;67780000;NA;1171840;782700;NA;733436;82237;997547;2907864;NA;158764;NA;12674000;42904;67780000;NA;403307;109240;717387;NA;NA;NA;NA;48892;NA;NA;NA;NA;NA;NA;;NA;3432144;NA;NA;NA;NA;NA;NA;NA;NA;152968;9450;91814;544467;NA;NA;NA;NA;9600564;NA;NA;NA;NA;NA;346237;NA
2009;10092;34378662;137166;82253;48837;306420;4154900;238160;1772564;2877000;4091;145734;22316539;336857;10284800;298723;548886;411966;123462;171221;621026;340018;572500;67077;385887;481674;NA;68;4409886;2906000;2896995;1384211;NA;18760;4887340;480431;312590;592299;515800;172188;13868;5957913;126698;138800;181848;NA;252497;9452300;2142100;22776;111423;214603;4712000;4880177;94067;27010;26500;68389;1075981;549429;150081;63417;302377;1379000;1782400;947574;183214;3160;1882700;2547877;112531;57259;3094936;26653;9432;1322;74525;233987;432087;628000;314352;60725;381815;293541;;3488500;60725;3893646;306515;125566;1055500;150750;160088;NA;12001000;379861;424507;393522;133363;199632;NA;-76213;577020;1310248;369963;133046;2524800;1360825;2524800;NA;6614000;3959000;151385;110726;208404;26685;122736;54050;56298;174929;52070000;955200;196461;9108;62498991;256562;1113400;51176;150253;730072;2378700;6356400;178603;7127;1103400;799909;820200;112511;2619252;753244;1197732;53321;1166100;47959753;11885210;49051000;391910;1109568;2911231;1027026;21132000;1931000;5142000;113941;5142000;139332;132897;1052343;736361;89676;903000;NA;400414;7381100;1030;352381;1249197;NA;NA;631137;29579;2690000;4774;2279835;283041;NA;731226;17663000;97381;102172;0;297854;113673;1883696;272580;1993292;517155;NA;241219;196813;649900;4189500;14336000;15303;418448;12825000;673849;12825000;;297898;36593;2440870;50726;583745;468427;22339;283722;1904037;NA;770133;420943;0;109465;9212;73527;46183;586089;NA;1868438;3350400;100579000;58123;78146;946;124931;876918;NA;4459;13740;167857;500677;NA;29091;NA;16000269;87970;1537300;31819000;8443520;44820000;NA;813970;642500;NA;NA;NA;850750;2712300;486979;187723;NA;11556000;41532;44820000;NA;329959;117428;658321;NA;NA;NA;NA;47850;NA;NA;NA;NA;NA;NA;;NA;3670501;NA;NA;NA;NA;NA;NA;NA;NA;97905;NA;77030;401134;NA;NA;NA;NA;8826933;NA;NA;NA;NA;NA;207969;NA
2010;27050;32701565;209419;69589;0;306416;4416000;174275;1928969;3601000;1975;140405;25493611;334889;-18887000;300353;509913;369180;117880;171078;595205;304280;706100;168;426399;417396;NA;68;4213567;3447000;2877650;1413540;NA;18167;4371446;454501;339517;677712;571200;139500;12602;7164161;119682;NA;152884;1677500;199192;9421900;2033700;15262;105082;213323;4757000;5213779;97999;26951;116200;81540;1001401;554151;182453;57183;313932;1355500;1789700;868715;259415;2792;2489400;2584277;126029;55129;4262555;36316;27403;NA;57245;283069;417334;604600;311576;44641;364470;594791;;3076400;44641;3983645;334545;128655;1280200;217395;182966;6728;11988000;458724;343190;453835;188939;201605;NA;35735;471541;1198226;373579;90152;2579300;1216419;2579300;NA;7120000;4239000;153578;119650;339075;32050;932059;39041;52288;149910;49608000;1051900;254712;22349;59762215;176861;1319500;59495;113124;773823;2610200;7295400;180183;15703;1114700;733549;863000;156693;2683651;729547;1595603;74451;1130000;52678322;12050996;47473000;370548;1077766;3104287;1145200;21653000;1900000;6108000;104531;6108000;181485;125379;1035172;737648;65910;951700;94864;463728;7494400;NA;341229;1500306;NA;NA;799543;34669;2680000;2310;2388418;314409;NA;706715;17467000;145127;104205;208;272204;117608;2075209;254014;3225311;486341;NA;190268;185512;614800;4625400;16858000;14520;499362;8115000;616377;8115000;;299951;35655;2082275;38038;577111;480661;20609;368959;2207655;NA;832089;826005;0;132378;10491;112781;55448;516092;NA;1565598;3183700;104613000;-37321;80563;626;101278;787906;NA;5274;386;202036;505525;NA;85682;NA;21465287;69290;1401900;28041004;7774352;46340000;NA;827035;645400;NA;NA;NA;855587;2700000;429351;187389;NA;9576000;49339;46340000;NA;292634;137133;650322;347111;NA;NA;NA;43705;NA;NA;NA;NA;NA;NA;;NA;3816806;NA;NA;NA;NA;NA;NA;NA;NA;130095;NA;74193;336381;NA;NA;NA;NA;10220797;NA;NA;NA;NA;NA;261581;NA
2011;21749;33392619;275704;71087;2045;313729;4556400;165731;1796063;4182000;2823;136663;25232958;337680;14606900;264004;509811;351108;114780;169387;584094;311795;805200;18;415983;520932;7977;68;6209298;3638000;2817904;1347385;NA;10544;4922956;455337;309276;644081;437500;102959;11392;6499648;117736;NA;145808;1682400;354430;7687900;2336000;13655;99236;276800;4797000;4554363;79204;28437;66700;98565;935789;543262;210948;57413;285466;1357200;1203800;689747;166611;2680;1000700;2482588;117718;40545;4842591;22272;19992;NA;NA;271932;400241;548900;344719;55407;326065;648886;;2503000;55407;5111325;446030;127040;1270300;216965;178678;7242;11467000;457717;355646;476042;183686;193576;54412;55282;539708;1016225;360213;72270;2488600;1076016;2488600;NA;7370000;3915000;146133;93949;370029;33509;785643;49260;52476;181872;41992000;1128100;274243;1571;49707999;225754;1290500;49517;80075;1079569;2637700;7340000;NA;6856;1079000;705116;905400;266873;2721285;719416;1657676;93754;945200;51566513;11658990;42531000;376970;1110889;3187384;1058400;20744000;1867600;6764000;53621;6764000;188542;131800;873863;693581;50005;869900;90682;416051;7542800;NA;346198;1616700;NA;NA;758511;39818;2692000;5197;2522646;328095;NA;686620;17344000;101293;110228;3290;295692;118594;2053118;242461;2053248;563980;NA;158799;296203;574800;4729100;16218000;12183;433034;7658000;562132;7658000;;305624;NA;2364209;25819;539458;455288;3265;321204;2467091;NA;842494;1315039;0;142929;13341;124704;107602;256057;NA;1574426;3577900;83642000;47277;84516;280;95137;699054;NA;7470;0;230381;496626;NA;17925;NA;NA;59828;1248900;25294243;9146511;40790000;49665;820973;641700;NA;NA;NA;842122;2688100;410376;151368;1076800;9142000;57048;40790000;NA;NA;130451;633004;1983856;NA;NA;NA;43275;NA;NA;NA;NA;NA;NA;;NA;3491860;NA;NA;NA;NA;NA;NA;NA;NA;188149;NA;75163;326440;NA;NA;NA;NA;12990000;NA;NA;NA;NA;NA;NA;NA
2012;34988;36533653;387636;76007;30033;311990;4828900;309538;1728396;2906000;121;129451;24724523;326471;8056500;268753;494265;417799;106619;198262;567258;320100;831700;191;444623;488691;5654;51;7581298;3602000;2847910;1215460;NA;6355;5064306;461985;279737;596660;449800;133685;11007;6616630;115537;NA;157298;1907700;383957;9401100;2609000;14883;99437;225602;5578000;4829520;90311;26458;57900;90484;961909;497064;235279;56620;281086;1326000;1201100;663309;6408;8483;888500;2508378;111111;43204;4311862;19969;17256;NA;NA;307155;390445;567300;351020;51023;318104;592680;;2716200;51023;5845493;445448;127052;1263700;214401;176016;12228;11384000;471173;328926;472345;176942;192847;90321;57508;481164;971833;426980;74727;2669500;1023633;2669500;NA;6038000;4257000;158075;80406;286725;59537;673523;46399;48586;142764;37124000;1161509;277233;1100;56124109;246133;1185900;51919;80982;1052307;3153600;8834100;NA;8219;1163600;713538;948820;181566;2981189;685123;1755363;124343;947500;52864008;13247484;45499000;391108;1162183;3294341;1058900;21544000;1919600;7796000;52505;7796000;306794;129560;844051;686253;44787;900100;90591;419950;7829700;NA;344115;1619848;NA;NA;698089;42252;3925000;4314;2695752;367754;NA;622145;18572000;96557;115125;0;341974;125998;2038191;248593;1707818;583198;NA;168465;236334;652000;4915400;17120000;12907;548362;8109000;562353;8109000;;325893;NA;2023968;25431;576749;472936;3538;382149;2329691;NA;836765;645242;NA;152653;15009;173128;108468;271901;NA;1583762;4021600;92186000;145247;NA;8907;70941;698881;523306;9765;0;NA;501493;NA;39980;NA;NA;NA;285100;31588933;10707967;39491000;32699;740303;717800;NA;NA;NA;795860;2992500;408752;103580;1191500;9196000;56580;20222000;NA;NA;144463;630634;2066475;NA;NA;NA;44476;3918;NA;NA;NA;NA;NA;;NA;NA;NA;NA;NA;NA;NA;NA;NA;NA;NA;NA;72072;317229;NA;22536;NA;NA;15215000;NA;NA;NA;NA;NA;NA;NA
2013;27443;38659497;377789;88382;89808;300755;5142200;322489;1785740;2883000;142;123982;23965286;315568;-8719500;268962;474291;345128;98243;124170;539079;306441;1115700;1172;472859;481303;3367;0;8027231;3766000;2858989;1004031;NA;8706;5490719;439535;231327;608689;459700;93429;NA;6757632;96924;NA;170685;2053300;390666;9467600;2690800;11930;100202;13344;5830000;4884090;100192;28340;41376;86746;867729;472470;241147;55016;272181;1261700;1199700;666412;3989;3309;1035300;2597788;113010;42610;4026409;26059;31171;NA;NA;316334;376581;580000;281135;50261;360141;775924;;2567000;50261;5668935;458569;128579;1353900;249629;190453;12448;11434000;590159;366677;501795;194889;206387;151368;46525;415607;946518;477430;84137;2882500;874391;2882500;NA;6076000;4369000;160011;136536;340950;56368;686182;42705;49566;138336;37046000;1193974;270699;1000;66556942;317366;1230000;56916;84062;1069106;3571700;9559000;NA;8593;950100;675242;975094;150816;3298182;660643;1885187;165943;964300;54356314;13570831;46780000;388292;1290117;3359433;1046400;19719000;1999900;8456000;39889;8456000;402452;138690;842322;679922;41554;1005900;92430;432221;8410000;NA;372124;1795262;NA;NA;719713;43528;3584000;1402;3057414;374940;NA;572056;19698000;99247;151883;0;363940;125434;2467864;244565;1705578;490660;NA;151919;234953;632600;4806800;17178000;12307;471130;8402000;518610;8402000;;328230;NA;1971118;27467;577480;490061;1319;472638;2324801;NA;883797;202655;NA;171107;19649;219813;118702;221379;NA;1549885;3263900;92158000;185107;NA;3213;59499;696469;910609;13571;20770;NA;520033;NA;61554;NA;NA;NA;267300;33786638;12273989;34821000;59095;751325;551700;NA;NA;NA;1286386;3002200;403055;106853;1330400;9484000;61207;36919000;32418;NA;NA;641925;2021245;NA;NA;NA;NA;5321;NA;61270;NA;NA;NA;;NA;NA;NA;NA;NA;NA;NA;NA;NA;NA;NA;NA;72174;260711;NA;0;NA;NA;15263000;NA;NA;NA;NA;NA;NA;NA
2014;24342;36929320;464370;5823;132942;288056;5571300;NA;1957875;3215000;727;126531;24251000;304253;38868900;239612;459634;NA;94163;122289;530131;313272;949500;8742;493919;492463;7031;0;8776167;3795000;1932571;1017399;NA;10744;5878885;447823;216018;606698;448800;44382;54204;6707113;89488;NA;183937;1954700;393168;10064700;2805600;12007;102461;12356;5883000;5865940;85734;28459;42634;64321;805437;418844;249134;54606;288127;1234700;1226800;594345;0;3193;1153400;2578019;118079;52920;4047977;16349;36541;NA;NA;335306;363850;560800;335799;51591;369911;850373;;2722200;51591;5508461;463891;135310;1300000;287895;202458;9774;11703000;617764;444962;519456;214572;412381;178229;0;421125;901160;503420;90428;3385400;837453;3385400;NA;6116000;4404000;162348;157886;362853;79593;765590;43200;50326;140545;36012000;1195731;280516;1000;66835330;268179;1212600;63082;89927;1114473;4196600;9818200;NA;7875;1027100;622792;963479;175806;3404002;636850;1971887;203968;1003500;48975842;13897855;47462000;399518;1288941;3416255;1016500;19110000;2089100;8709000;36899;8709000;484887;150759;879814;710270;30554;1049100;90940;430418;8990200;NA;420604;1951312;NA;NA;748503;48669;3640000;4556;2919760;315282;NA;538078;17975000;103815;157579;NA;371113;132939;2870027;276257;1625004;373465;NA;158450;245638;669600;4759000;17501000;10357;554459;8890000;412592;8890000;;388562;NA;1944324;49563;581903;487449;2591;449445;2231367;NA;903705;315846;NA;196938;22278;270045;135092;250535;NA;NA;3212100;91612000;222151;NA;1300;40350;NA;915554;16303;19654;NA;521630;NA;194603;NA;NA;NA;NA;34105486;13064087;34349000;62548;764122;313118;2855;NA;NA;1234091;3009200;403967;143355;1381800;9174000;62799;36418000;26625;NA;NA;636710;2083559;19134;NA;NA;NA;3182;NA;92134;NA;45;2826272;;NA;NA;NA;NA;NA;NA;NA;6801996;NA;NA;NA;NA;NA;243998;NA;0;7221668;NA;14911000;NA;NA;NA;NA;NA;NA;NA
2015;15594;34295527;623100;1223570;158528;275105;5489200;NA;2045062;2671000;392;124945;23406094;295021;-22817400;215237;413014;NA;89558;117564;523346;315144;807800;8503;493299;420046;NA;0;8286335;3640000;2077425;941424;NA;13364;4250045;424325;194258;589632;410800;-18343;44669;5855453;83212;NA;208604;2085900;363728;8592200;2490400;10305;99797;9453;5712000;6241865;81596;28212;52825;71403;773876;354806;228588;51506;279391;1235600;1139100;572802;0;3253;1036800;2780728;119109;78261;2849886;19147;26174;NA;NA;360738;353542;557000;359411;44093;370595;1011826;;2533500;44093;3348700;470263;137806;1330900;282321;180612;10467;11678000;656314;473644;509716;201782;358979;265528;894;425078;802577;508936;85452;3653300;814519;3653300;NA;5807000;4396000;154496;165472;367045;60607;915398;NA;49413;137175;33568000;1140800;268705;6355;58350604;259008;1165200;63891;96493;1063802;6139300;10050800;NA;7656;993000;593068;988973;163954;3213900;647542;1905430;226288;1085200;48554637;12930484;48145000;440295;1043757;3791586;1068500;23584000;2593700;8451000;26318;8451000;510215;148261;939594;798600;33271;1179900;89027;523065;9101800;NA;544241;2035085;NA;NA;706349;51193;3803000;18737;3288200;480571;NA;510462;20073000;99171;170653;NA;301731;132288;3041500;306632;1378209;359971;NA;134435;257757;NA;4687600;16731000;17883;603306;9126000;393318;9126000;;859020;NA;1972545;80770;587538;436418;4321;416360;1837992;NA;907515;323567;NA;226382;47087;338341;134526;306064;NA;NA;2971000;88785000;291996;NA;2275;19429;NA;834418;17062;256;NA;500128;NA;112597;NA;NA;NA;NA;34350485;12192296;NA;63007;753185;240690;7962;NA;NA;1216108;2996400;397964;134384;1371800;7386000;71963;38234000;29119;NA;NA;566808;1976131;18451;NA;410959;NA;2205;0;158506;NA;17;2914917;;NA;NA;NA;82303;4031;NA;NA;6509112;1515813;NA;NA;NA;NA;274587;NA;0;6709659;NA;9433000;NA;NA;NA;NA;NA;NA;NA
2016;17944;33653679;549940;1342962;NA;264750;5747700;NA;2417938;2331000;400;117572;24779878;281534;24920800;231914;377538;NA;87262;128257;516682;317188;837100;12311;533650;434835;NA;0;8712623;3744000;2094956;995347;2064665;9576;4231848;410888;198365;630170;354300;19802;47001;5196024;90486;NA;236478;2152600;371611;8657800;2380400;10706;93624;8984;5985000;6676766;79371;29557;65984;58310;721402;328110;255986;50845;298877;1154800;1185500;546604;NA;2809;945000;3345930;130308;74389;2525893;20381;25226;NA;NA;401460;328946;601700;351983;43714;377792;1055258;;2664700;43714;NA;495535;138387;1446600;332437;189494;11197;11643000;695015;487235;512638;185563;370877;285395;4044;420517;NA;552237;112543;3900900;803389;3900900;NA;5847000;4663000;160665;170718;370474;67664;1003356;NA;63543;130154;29921000;1214300;306174;1061;66565847;304552;1215800;68492;121433;1001193;7829100;10505200;NA;8234;1054600;572602;1012804;136169;3258825;612712;1983071;220945;2115900;48826950;12645217;50576000;506227;1008961;4118370;908500;26904000;2809000;7553000;14519;7553000;517106;146192;1048924;917517;17322;1268500;86847;626859;9353000;NA;542157;2071930;NA;NA;737162;52438;4132000;16787;3266986;717729;NA;478941;19060000;90924;162870;NA;370641;134693;3187400;336922;1332177;391210;NA;NA;261454;NA;4940000;16525000;28067;948334;9620000;429899;9620000;;1087885;NA;1968697;64940;598416;434223;19033;440320;1688080;NA;939453;453105;NA;235865;58449;360230;134845;237362;NA;NA;2876700;89469000;12161;NA;4737;18525;NA;879535;19369;15;NA;527738;NA;62176;113523;NA;NA;NA;43160825;11905149;NA;61461;815294;239570;10613;NA;NA;1189578;3363100;384491;155059;1436700;4161000;65487;37414000;23040;NA;NA;588069;1896673;14813;36112;507901;NA;10838;0;164923;NA;22;3008851;;0;NA;1534956;92502;4226;NA;243898;6521333;1881080;NA;NA;NA;NA;298419;239037;0;6570767;3041305;5749000;NA;NA;NA;NA;NA;NA;NA
2017;17554;33499718;1063773;1532998;NA;277356;6248300;NA;NA;2847000;500;116726;26425617;275503;54831300;200328;381719;NA;86923;140102;485656;302343;622900;23995;579853;469767;NA;0;9929921;4150000;2075251;1245565;2428038;6847;4129101;430581;199288;694329;309700;4835;12882;5532779;101115;NA;261612;2203000;405345;9066200;2647400;13606;87646;NA;6349000;6805156;89897;31736;101521;53295;736381;332357;248510;53129;288502;1145100;1246400;566735;NA;137939;965600;3537300;143978;102141;2990808;21037;14142;NA;NA;450682;311063;631500;360505;46446;374495;1147870;;2416400;46446;NA;511523;149052;1528600;438355;216728;11965;11662000;786175;557725;514739;195707;380634;289085;4924;421050;NA;612333;NA;4088400;802498;4088400;NA;6377000;5051000;167990;218355;408393;67242;980228;NA;74858;135434;31172000;1482800;366285;534;62791260;341836;1291400;71823;151748;968890;8377400;11006400;NA;9522;1589200;580424;1037125;178758;3364264;616568;2145820;229685;2520100;49155863;12401965;53299000;548399;993250;1342100;1091300;26129000;2908300;7960000;14288;7960000;582494;141242;1029156;1112102;13777;1907500;93241;721001;9689100;NA;600527;2395650;NA;NA;774037;55846;5105000;-75;3859478;750468;NA;471282;18071000;103207;186162;NA;322077;132987;3699600;389555;1339709;420062;NA;NA;264519;NA;5475900;18594000;11727;1213900;10030000;479592;10030000;;1171578;NA;2199146;72505;571966;NA;22943;493336;1835469;NA;936690;473256;NA;260235;38573;403712;143889;244445;NA;NA;3049000;89791000;270330;NA;13285;8030;NA;982921;22264;0;NA;585485;264;115858;121208;NA;NA;NA;41485647;11541348;NA;63375;844325;482268;17511;NA;NA;1390250;4554200;385053;133479;1634800;2973000;72777;38574000;20016;NA;NA;650477;1854175;15781;58754;692415;NA;42237;0;190683;NA;16;3214231;;158085;NA;1642593;105040;5046;148003;250429;6659352;1858617;NA;NA;NA;NA;334800;273284;0;6857407;3310236;5699000;NA;NA;533961;NA;NA;NA;NA
2018;16194;27084830;1426306;1462231;NA;268722;7085400;NA;NA;2609000;6703;113793;27472110;270390;-14477800;191306;402978;NA;84667;152873;407799;303762;552800;21738;642368;533543;NA;0;10561701;4572000;2122093;1374007;2000806;8933;3989075;467920;2522;742445;318500;3787;2351;6035706;111473;NA;282500;2281500;388773;6922600;3064500;14530;81795;NA;6706000;6948411;92222;33411;132555;61829;676480;321387;314692;55779;264867;1130700;1327000;515441;NA;564083;1075200;4059400;145981;100757;3813083;23667;5778;NA;NA;559851;304674;690700;410616;49486;NA;1223853;;2525500;49486;NA;NA;163205;1634500;436356;248115;3606;11714000;871070;594574;501569;221521;409475;334393;90;459600;NA;679551;NA;4313200;884693;4313200;NA;6623000;5527000;203952;259609;478613;65617;1047390;NA;87144;146851;33350000;1782200;400970;715;46113083;209520;1361600;79031;158231;1009144;8684900;11344600;NA;13872;1525300;570600;1152897;214864;3457412;616903;2318254;306771;2841000;51938397;13210754;56846000;593795;1030995;1584600;1068700;27466000;3080500;8475000;NA;8475000;577028;138745;887235;1363560;7852;-531700;95413;821446;9148400;NA;561031;2645926;NA;NA;885037;58242;5542000;3553;4364473;794297;NA;464658;19673000;174480;203872;NA;315305;133384;4105600;466119;1306109;487355;NA;NA;301243;NA;6007500;20774000;48105;1325900;10879000;547100;10879000;;1195599;NA;2480591;52306;595881;NA;31657;522777;2073879;NA;1169510;406967;NA;289859;39329;393269;157026;340336;NA;NA;3364900;91439000;150992;NA;4025;8086;NA;1207108;25801;565;NA;576650;6546;119707;147565;NA;NA;NA;36460235;12519683;NA;70176;890113;523643;19481;NA;NA;1488432;4940400;387116;176146;1736900;3018000;78231;35920004;10355;NA;NA;692702;1876464;20651;74491;698136;NA;33488;0;210261;NA;15;3165019;;60618;NA;1679406;121325;8825;174810;293096;6987837;1929275;209193;NA;NA;NA;344307;313788;0;7186150;3740594;5744000;NA;NA;538996;208821;NA;NA;454000
2019;17304;27777258;1885265;1520135;NA;265132;8109200;NA;NA;2593000;2834;113166;26006781;266643;49408200;173620;420718;NA;84567;157484;409094;320187;541600;NA;692680;524657;NA;0;11870146;3720000;2029668;1415967;3200785;11596;3812443;486473;2370;748225;282900;8530;9222;NA;93624;NA;313715;2297400;418138;10612700;3106000;15581;74573;NA;6600000;7309036;90701;35055;134381;57239;666195;297634;327553;54784;237423;1134700;1282200;514430;NA;504606;760000;4013000;151155;103009;3309046;24065;31081;NA;NA;559664;298361;714900;558345;48272;NA;1270217;;2710800;48272;NA;NA;177291;1636300;371606;253909;12203;11453000;876224;599280;505913;197387;404313;387482;-448;507496;NA;632684;NA;4509000;923996;4509000;NA;4399000;6203000;273828;272841;417392;62495;1179602;NA;101913;155046;35419000;1573200;379056;2561;71593380;198962;1088500;78463;147710;1075209;8848600;11579200;NA;14262;1623700;574671;1210084;205309;3493963;616715;2152739;280055;2818300;48292384;13489371;61466000;636819;1045289;1877200;852200;26722000;3082900;8243000;NA;8243000;844845;137864;804675;1596225;8245;1810400;98198;965341;10690600;NA;456797;2763200;NA;NA;830610;63034;5920000;15100;4430833;833514;NA;459774;23962000;95027;214147;NA;354102;137998;4109400;453765;1338128;523089;NA;NA;321591;NA;5604200;21094000;15994;1610300;11271000;660558;11271000;;1324022;NA;2761554;40786;592556;NA;75376;445164;1915261;NA;1195724;262013;NA;305736;28030;385099;159273;453253;NA;NA;3728500;92568000;240870;NA;7038;8053;NA;1355539;29512;0;NA;596350;10;160734;256929;NA;49267;NA;48469170;15990686;NA;120675;997518;496068;21459;NA;NA;1577412;4962800;389789;148841;1782100;3088000;77636;34449441;20383;NA;NA;715361;1886664;24622;88278;570376;NA;22498;21;195744;NA;16;3301002;;23819;NA;1748213;130144;13670;170960;318024;7456795;1980343;230828;NA;NA;NA;387551;344829;0;7075414;7610840;5215000;6423;NA;543626;226207;NA;NA;420700
2020;4109;24337993;3504000;1530382;NA;262047;7877500;NA;NA;2258000;3879;108305;20947288;256388;21323500;134860;400054;NA;84198;101787;403178;263594;523500;NA;661226;445189;NA;0;12741604;3184000;1697448;1038421;3084948;7541;3152476;425806;3311;730468;281000;9147;8758;NA;78786;NA;401995;1740600;297051;8371400;2740700;11941;62020;NA;5604000;6893146;59524;35560;127629;41895;660482;215788;257819;53189;218556;1069000;1117700;494062;NA;414663;573000;4019400;147036;109373;2450579;NA;18601;NA;NA;530629;289680;662600;576708;32419;NA;808381;;2935700;32419;NA;NA;120421;1372000;395816;214891;9962;11100000;812792;629585;497632;171736;332737;112511;81;524087;NA;491965;NA;4016800;902966;4016800;NA;3860000;6322000;248352;383303;327391;60949;1160167;NA;103659;148497;30614000;1283500;371315;4039;55002707;266139;1012100;58214;174770;934663;2561100;10742200;NA;12367;1466700;557312;623974;103388;3706061;624587;1802348;255466;2539800;46575791;13335772;58323000;730879;1110385;1705600;690400;23142000;2986100;5595000;NA;5595000;641214;143735;680922;1425851;NA;1260300;98089;828278;10310800;NA;306199;2916900;NA;NA;737897;75488;4508000;11300;3988946;845062;NA;452365;22798000;117333;120154;NA;349295;172919;4059900;393866;1350599;442162;NA;NA;307942;NA;6333000;20382000;21635;1412300;10640000;628323;10640000;;1237662;NA;2930767;37457;550864;NA;15008;187967;1708078;NA;810538;90457;NA;329084;44738;333513;118574;385696;NA;NA;3319000;84343000;280928;NA;5258;9421;NA;1476930;37319;0;NA;600313;14278;213584;311044;NA;49459;NA;39949443;15569111;NA;139880;NA;487425;24057;NA;NA;1402433;1552500;383325;137238;1707100;3152000;38193;29062965;9344;NA;NA;661476;NA;25234;86113;692427;NA;13795;9;192712;NA;17;3479753;;71758;NA;1673259;124657;12005;253659;231922;6378059;1944807;256410;NA;NA;NA;346601;323930;0;6922243;7906255;3685000;2619;2190;569426;240743;NA;NA;351300
2021;0;26482545;5038000;2041730;NA;262815;9252300;NA;NA;2649000;3153;102085;22609837;253137;26693300;166591;437962;NA;85611;143928;392112;267944;559100;NA;765343;496693;NA;0;13377015;3722000;1749577;1186177;3634678;9878;1658354;468418;1420;873774;291500;9564;8874;NA;94636;NA;503234;1700400;292605;10112800;3176400;34050;68967;NA;6405000;7207595;61947;35989;148122;55776;706940;235620;289455;52015;210375;1099300;1254000;497222;NA;508927;969200;4151600;149277;142727;3445925;NA;92588;NA;NA;640063;281171;816500;467930;7035;NA;772011;;3380000;7035;NA;NA;139163;1563400;513721;239044;11418;11183000;995148;658580;539507;172479;298445;153913;33942;513050;NA;588058;NA;4585500;873607;4585500;NA;4372000;6684000;279242;531299;420711;65074;1226900;NA;109263;148192;26483000;939300;471833;13815;64096377;276975;947600;67092;218895;957349;3915400;11106300;NA;17160;1634900;576208;680000;171488;3911861;642529;2253846;428735;2499700;48371880;15307348;62801000;946623;1213219;1754200;681900;26834000;3460500;7313000;NA;7313000;749602;142162;689697;2021903;NA;2478600;97121;884613;12585300;NA;303515;2601900;NA;NA;862947;79758;5409000;234265;3764670;1102423;NA;452996;20513000;185460;125619;NA;387329;144067;4267900;403656;1435254;491612;NA;NA;300966;NA;7525800;32801000;18926;2628700;11236000;682384;11236000;;981537;NA;4838977;46235;614270;NA;8331;232179;3211499;NA;661886;39905;NA;388863;49683;414057;153205;538501;NA;NA;3155300;87088000;308622;NA;5762;9162;NA;1726503;37221;3321;NA;614109;0;397838;376782;NA;58604;NA;42081715;14174227;NA;79163;NA;510839;26446;NA;NA;1409918;2097000;390889;NA;1897300;2556000;38269;31470950;9754;NA;NA;752366;NA;26947;86048;901159;NA;20362;NA;217056;NA;20113;3834679;;35349;NA;1250630;159880;15425;287482;171159;7584607;2225260;287234;NA;NA;NA;345222;391915;NA;NA;964353;3645000;57;20680;623735;308908;852687;NA;457300
2022;NA;NA;NA;NA;NA;NA;NA;NA;NA;NA;NA;NA;NA;NA;NA;NA;NA;NA;NA;NA;NA;NA;NA;NA;NA;NA;NA;NA;NA;NA;NA;NA;NA;NA;1817844;NA;NA;NA;NA;NA;NA;NA;NA;NA;NA;NA;NA;NA;NA;NA;NA;NA;NA;NA;NA;NA;NA;NA;NA;NA;NA;NA;NA;NA;NA;NA;NA;NA;NA;NA;NA;NA;NA;NA;92856;NA;NA;NA;NA;NA;NA;14528;NA;NA;;NA;14528;NA;NA;NA;NA;NA;NA;NA;NA;NA;650698;NA;NA;NA;NA;NA;NA;NA;NA;NA;NA;NA;NA;NA;NA;NA;NA;NA;NA;NA;NA;NA;94020;183389;NA;NA;NA;NA;NA;NA;NA;NA;251933;NA;NA;NA;NA;NA;NA;NA;NA;NA;NA;NA;NA;NA;2756900;NA;NA;NA;NA;NA;NA;NA;NA;NA;NA;NA;NA;NA;NA;NA;NA;NA;NA;NA;NA;NA;NA;NA;3363900;NA;NA;NA;NA;NA;NA;NA;NA;NA;NA;NA;NA;NA;NA;NA;NA;NA;464841;NA;NA;NA;NA;373395;NA;NA;NA;NA;NA;NA;NA;NA;;NA;NA;5026170;NA;NA;NA;NA;NA;NA;NA;NA;NA;NA;NA;NA;NA;NA;NA;NA;NA;NA;NA;NA;NA;NA;8454;NA;NA;NA;NA;NA;NA;NA;NA;NA;NA;NA;NA;NA;20397459;NA;NA;NA;NA;NA;NA;NA;NA;NA;NA;NA;NA;NA;NA;NA;NA;NA;NA;NA;NA;NA;NA;NA;NA;NA;NA;NA;NA;NA;NA;;NA;NA;1342452;NA;NA;NA;168667;NA;NA;NA;NA;NA;NA;NA;NA;NA;NA;NA;NA;NA;NA;NA;NA;NA;NA;NA